㉯,쫽,컭윁鮎藉弑散풭컭뱵폸퍗(擥훱),컭윁鮎藉弑散풭컭뱵폸퍗(쾈줳훱),컭윁鮎藉弑散풭컭뱵폸퍗(퍜훱),컭윁鮎藉弑散풭컭뱵폸퍗(췮옯퍮뱱쒫)
읿鱇쉅좉,8岾17퍺,뫟,뫟,뫹,뫹
큎찡쭱좉,8岾25퍺2-1,뫟,뫟,뫹,뫹
劉柳좉,4霑授퍺,뫹,뫟,뫹,뫹
劉췙썰얱,췮컓쾗5퍺12-13,뫹,뫟,,
劉쭱좉,췮컓쾗6퍺12,뫹,뫟,뫹,뫹
큅絶쉅좉,큁2岾15퍺,뫟,뫟,뫹,뫹
資쟚┥쉅좉,큁3岾7퍺1-1,뫹,뫟,뫹,뫹
잎챾柳좉,큁9岾22퍺2-1,뫟,뫹,뫹,뫹
쭱좉,큁10岾17퍺1-1,뫟,뫹,뫹,뫹
풿왔쭱좉,큁10岾22퍺3-1,뫟,뫹,뫹,뫹
집쭱좉,1岾25퍺1-8,뫟,뫹,뫹,
풼柳좉,4岾28퍺1-30,뫟,뫹,뫹,뫹
淪矛柳좉,큁12岾7퍺2-1,뫹,뫟,뫹,
집토쭱좉,큁14岾10퍺1-1,뫹,뫹,뫹,뫹
퇰쟒柳좉,큁16岾17퍺1-35,뫟,뫹,뫹,뫹
퇰쟒쭱좉,큁18岾15퍺1-1,뫹,뫹,뫹,뫹
큁쭱좉,큁21岾5퍺1-1,뫹,뫹,뫹,뫹
允柳좉,큁21岾5퍺1-2,뫹,뫹,뫹,
집토柳좉,큁23岾13퍺1-1,뫹,뫹,뫹,뫹
집토큁쭱좉,큁29岾12퍺1-1,뫹,,뫹,뫹
턩쭱좉,턩226턨,뫟,,뫹,뫹
왚뱵찣柳좉,왚뱵찣1障6퍺5-1,뫟,뫹,뫹,뫹
췮훹쭱좉,왚뱵찣3障3퍺6-20,뫟,뫹,뫹,뫹
왚뱵찣쭱좉,왚뱵찣4才퍺1-1,뫟,뫹,뫹,뫹
짏홑쭱좉,왚뱵찣4障1퍺4-1,뫟,뫹,뫹,뫹
