No,業種区分,施設名称,施設所在地,施設ビル名,施設TEL,開設者名,代表者肩書,代表者名,許可番号,許可年月日,前月新許可施設(許可年月日)
1,簡易宿所,miyanomori,北海道札幌市中央区宮の森１条１５丁目４－１,,011-766-6969,株式会社Ｍａｔｔｃｏｍｐａｎｙ,代表取締役,谷口哲也,札保環許可（旅）第13号,2018-07-09,
2,旅館・ホテル,ホテルリソルトリニティ札幌,北海道札幌市中央区大通西５丁目３,,011-242-7700,リソルホテル株式会社,代表取締役,今泉芳親,札保環許可（旅）第24号,2008-03-27,
3,簡易宿所,ＧＬＯＷＬ　大通西６,北海道札幌市中央区大通西６丁目５－１,（旧）中山ビル,,株式会社アウル,代表取締役,谷隆志,札保環許可（旅）第9号,2017-05-31,
4,旅館・ホテル,札幌ビューホテル大通公園,北海道札幌市中央区大通西８丁目１番,,,日本ビューホテル株式会社,代表取締役,遠藤由明,札保環許可（旅）第4号,2017-05-02,
5,旅館・ホテル,ベストウェスタン札幌大通公園,北海道札幌市中央区大通西８丁目２番,,011-208-1311,株式会社フィーノホテルズ,代表取締役,高倉茂,札保環許可（旅）第31号,2018-01-31,
6,簡易宿所,ゲストハウス道中　ＧＵＥＳＴ　ＨＯＵＳＥ　ＯＮ　ＭＹ　ＷＡＹ,北海道札幌市中央区大通西１４丁目３－４５,,,道中プランニング株式会社,代表取締役,巌俊,札保環許可（旅）第26号,2017-02-01,
7,旅館・ホテル,あさ野ホテルビジネス＆ウィークリー　,北海道札幌市中央区大通西１５丁目３番地１９,,011-621-7621,参宮有限会社,代表取締役,今野博文,札中保衛許可（旅）第3号,1992-04-30,
8,旅館・ホテル,ウィークリーホテル　さんでん,北海道札幌市中央区大通西１８丁目２番地１４,,011-613-7550,アイピー北海道エステム株式会社,代表取締役,佐藤博征,札保環許可（旅）第7号,2009-07-09,
9,簡易宿所,Ｗｉｎｓｔｏｎ　ＳＡＰＰＯＲＯ,北海道札幌市中央区大通東９丁目１－３６,２Ｆ,011-312-5882,株式会社アフタースクール,代表取締役,工藤舞人,札保環許可（旅）第20号,2018-09-07,
10,簡易宿所,ホステル大通イースト,北海道札幌市中央区大通東１１丁目２２－３２,,,合同会社リバティア,代表社員,松本拓也,札保環許可（旅）第18号,2018-07-27,
11,旅館・ホテル,東急ステイ札幌,北海道札幌市中央区南１条西１丁目１３－４,,011-222-0109,東急ステイサービス株式会社,代表取締役,小先文三,札保環許可（旅）第1号,2018-04-03,
12,旅館・ホテル,ホテルオークラ札幌,北海道札幌市中央区南１条西５丁目,,011-221-2333,株式会社ホテルオークラ札幌,代表取締役,宮崎誠,札保環許可（旅）第5号,2003-06-13,
13,旅館・ホテル,中殿ホテル,北海道札幌市中央区南１条西７丁目１４番地,,011-231-4717,有限会社中殿旅館,代表取締役,中ノ殿恭子,札中保衛許可（旅）第4号,1985-03-16,
14,旅館・ホテル,札幌クラッセホテル,北海道札幌市中央区南１条西７丁目１番地２,,011-281-3800,株式会社アンビックス,代表取締役,前川二郎,札保環許可（旅）第3号,2001-04-24,
15,簡易宿所,オオドオリバックパッカーズ,北海道札幌市中央区南１条西８丁目６－２,ＳＩＴＹビル　２Ｆ,,ＳＩＴＹビル株式会社,代表取締役,小川義明,札保環許可（旅）第13号,2017-06-27,
16,旅館・ホテル,アパホテル　＜札幌大通公園＞,北海道札幌市中央区南１条西９丁目,,011-261-8111,アパホテル株式会社,代表取締役,元谷芙美子,札保環許可（旅）第11号,2001-07-31,
17,旅館・ホテル,ホテル　ハミルトン　札幌,北海道札幌市中央区南１条西１５丁目１番地２３８,,011-632-0080,株式会社アセント,代表取締役,小林保廣,札保環許可（旅）第9号,2009-02-17,
18,旅館・ホテル,博友会館,北海道札幌市中央区南１条東５丁目１番２４,,011-522-9710,株式会社博友会,代表取締役,藤崎博己,札保環許可（旅）第23号,2011-01-27,
19,旅館・ホテル,ホテルＷＢＦ札幌中央,北海道札幌市中央区南２条西１丁目２番地,,011-290-3000,ＷＢＦリゾート株式会社,代表取締役,近藤康生,札保環許可（旅）第2号,2014-07-09,
20,旅館・ホテル,リッチモンドホテル札幌大通,北海道札幌市中央区南２条西４丁目４－１,,011-208-0055,アールエヌティーホテルズ株式会社,代表取締役,福村正道,札保環許可（旅）第5号,2001-05-25,
21,旅館・ホテル,ネストホテル札幌大通,北海道札幌市中央区南２条西５丁目２６－１,,011-242-1122,ネストホテルジャパン株式会社,代表取締役,河内中,札保環許可（旅）第12号,2013-12-04,
22,旅館・ホテル,ラ・ジェント・ステイ札幌大通,北海道札幌市中央区南２条西５丁目２６－５,,011-200-5507,ＡＢアコモ株式会社,代表取締役,阿部裕二,札保環許可（旅）第9号,2016-07-11,
23,旅館・ホテル,ホテルサンルートニュー札幌,北海道札幌市中央区南２条西６丁目１番地１,,011-251-2511,株式会社相鉄ホテルマネジメント,代表取締役,吉田修,札保環許可（旅）第14号,2000-11-30,
24,旅館・ホテル,ドーミーインＰＲＥＭＩＵＭ札幌,北海道札幌市中央区南２条西６丁目４－１,,011-232-0011,株式会社共立メンテナンス,代表取締役,佐藤充孝,札保環許可（旅）第14号,2002-01-22,
25,旅館・ホテル,アパホテル＜札幌＞,北海道札幌市中央区南２条西７丁目１０番地,,011-281-8111,アパホテル株式会社,代表取締役,元谷芙美子,札保環許可（旅）第16号,2002-10-29,
26,旅館・ホテル,ホテルブーゲンビリア札幌,北海道札幌市中央区南２条西７丁目６番１号,,011-222-1010,株式会社雄飛,代表取締役,髙橋太郎,札保環許可（旅）第10号,2013-02-13,
27,旅館・ホテル,ホテルレオパレス札幌,北海道札幌市中央区南２条西８丁目６－１,,011-272-0555,株式会社レオパレス２１,代表取締役,深山英世,札保環許可（旅）第23号,2017-10-12,
28,旅館・ホテル,札幌プリンスホテル　タワー,北海道札幌市中央区南２条西１１丁目３２９－２,,011-241-1111,株式会社プリンスホテル,代表取締役,小山正彦,札保環許可（旅）第3号,2004-04-05,
29,旅館・ホテル,ホテルハシモト,北海道札幌市中央区南２条東２丁目,,011-231-1123,橋本観光株式会社,代表取締役,橋本吉巧,札中保衛許可（旅）第4号,1992-04-30,
30,簡易宿所,ニコーカプセルホテルリフレ,北海道札幌市中央区南３条西２丁目１４番地,,011-261-0108,株式会社ニコー,代表取締役,晴山徳貴,札中保衛許可（旅）第16号,1982-09-28,
31,旅館・ホテル,ホテルファラオ,北海道札幌市中央区南３条西２丁目１５番５,,011-252-2211,株式会社ファラオ,代表取締役,岩寺利夫,札保環許可（旅）第15号,2010-12-20,
32,旅館・ホテル,ＨＯＴＥＬリーネルすすきの,北海道札幌市中央区南３条西２丁目１番５号,,011-210-8111,ピクニックストーリー株式会社,代表取締役,櫻井守,札保環許可（旅）第2号,2012-05-23,
33,簡易宿所,カプセル・イン札幌,北海道札幌市中央区南３条西３丁目７番地,,011-251-5571,株式会社アスクゲートダイナー,代表取締役,斉藤三寛,札保環許可（旅）第36号,2018-03-27,
34,簡易宿所,コミック＆カプセルホテル札幌すすきの店,北海道札幌市中央区南３条西４丁目８－２,アーバン札幌ビル２階,011-252-6750,株式会社ランシステム,代表取締役,日高大輔,札保環許可（旅）第3号,2017-04-14,
35,旅館・ホテル,ホテルビスタ札幌[大通],北海道札幌市中央区南３条西５丁目１６番地,,011-233-3151,株式会社ビスタホテルマネジメント,代表取締役,大内克郎,札保環許可（旅）第6号,2018-05-29,
36,旅館・ホテル,からくさホテル札幌,北海道札幌市中央区南３条西５丁目２４,,011-204-6602,株式会社からくさホテルズ札幌,代表取締役社長,杉本和也,札保環許可（旅）第26号,2018-01-10,
37,簡易宿所,ＧＲＩＤＳ札幌,北海道札幌市中央区南３条西５丁目３２番,,011-252-7415,株式会社フィルド,代表取締役,齋藤貴之,札保環許可（旅）第6号,2017-05-17,
38,旅館・ホテル,ホテルドーミーイン札幌ＡＮＮＥＸ,北海道札幌市中央区南３条西６丁目１０番地６,,011-232-8100,株式会社共立メンテナンス,代表取締役,佐藤充孝,札保環許可（旅）第19号,2005-03-15,
39,旅館・ホテル,ホテルニューバジェット札幌,北海道札幌市中央区南３条西６丁目７－１，２，８,,011-261-4953,イワクラホーム株式会社,代表取締役社長,佐々木与三郎,札保環許可（旅）第7号,1999-07-28,
40,旅館・ホテル,Ｔｈｅ ｓｔａｙ ｓａｐｐｏｒｏ 和（なごみ）,北海道札幌市中央区南３条西８丁目２－１７,,011-222-0753,ダイニチキャピタル＆ホープ株式会社,代表取締役,佐藤信也,札保環許可（旅）第15号,2018-07-12,
41,旅館・ホテル,有限会社ホテルエーワン,北海道札幌市中央区南３条西９丁目１００６番地１０,,011-281-1144,有限会社ホテルエーワン,取締役,白川浩一,札保環許可（旅）第5号,2012-10-24,
42,旅館・ホテル,ホテルラフィナート札幌,北海道札幌市中央区南３条西９丁目９９８－６,,011-280-1777,株式会社ホテルラフィナート札幌,代表取締役,樋口友亮,札保環許可（旅）第11号,2018-06-27,
43,旅館・ホテル,有限会社ホテルテトラ札幌,北海道札幌市中央区南３条西９丁目９９９－２２,,011-272-0005,有限会社ホテルテトラ札幌,代表取締役,三浦孝司,札中保衛許可（旅）第2号,1995-06-12,
44,旅館・ホテル,ホテルユニオン,北海道札幌市中央区南３条西１２丁目,,011-561-6161,一般財団法人北海道教育会館,代表理事,小関顕太郎,札中保衛許可（旅）第2066号,1974-07-02,
45,簡易宿所,ＳＴＡＹ３／４,北海道札幌市中央区南３条東４丁目１－３１,ローヤルハイツ南３条（２Ｆ）,,トーホー建物株式会社,代表取締役,府川令樹,札保環許可（旅）第8号,2018-06-01,
46,簡易宿所,ゲストハウスｙｕｙｕ　,北海道札幌市中央区南３条東４丁目３－１３,,,合同会社Ｓｔａｙｌｉｎｋ,代表社員,河嶋峻,札保環許可（旅）第7号,2016-06-24,
47,旅館・ホテル,スマイルホテルプレミアム札幌すすきの,北海道札幌市中央区南４条西１丁目１３－１,,011-251-7055,株式会社ホスピタリティオペレーションズ,代表取締役,田中章生,札保環許可（旅）第32号,2018-02-23,
48,旅館・ホテル,ダイワロイネットホテル札幌すすきの,北海道札幌市中央区南４条西１丁目２－１、２－２,,011-530-0755,ダイワロイヤル株式会社,代表取締役,原田健,札保環許可（旅）第4号,2012-07-19,
49,旅館・ホテル,アパホテル＜札幌すすきの駅前＞,北海道札幌市中央区南４条西２丁目１番１号,,011-511-4111,アパホテル株式会社,代表取締役,元谷芙美子,札保環許可（旅）第6号,2012-11-05,
50,旅館・ホテル,メルキュールホテル札幌,北海道札幌市中央区南４条西２丁目２番４号,,011-513-1100,エイ・エイ・ピー・シー・ジャパン株式会社,代表取締役,フレドリック・ディグネジオ,札保環許可（旅）第4号,2009-05-21,
51,旅館・ホテル,東横イン札幌すすきの交差点,北海道札幌市中央区南４条西３丁目４番地１,,011-207-1045,株式会社東横イン,代表執行役,黒田麻衣子,札保環許可（旅）第20号,2005-03-23,
52,旅館・ホテル,札幌東急ＲＥＩホテル,北海道札幌市中央区南４条西５丁目１番地,,011-531-0109,株式会社札幌東急ホテルズ,代表取締役,小林昭人,札保環許可（旅）第6号,2007-06-01,
53,簡易宿所,スパアンドホテル　ＡＶＩ－ＮＥＬ　,北海道札幌市中央区南４条西６丁目４,,011-530-0008,株式会社ＡＶＩ－ＮＥＬ,代表取締役,梅野泰紀,札保環許可（旅）第4号,2007-04-27,
54,簡易宿所,ＳＰＡ　ＨＯＴＥＬ　ソーレすすきの,北海道札幌市中央区南４条西６丁目４番,,011-533-2200,ピクニック・ロード株式会社,代表取締役,髙木悟,札保環許可（旅）第6号,2013-08-08,
55,旅館・ホテル,アパホテル＜札幌すすきの駅西＞,北海道札幌市中央区南４条西７丁目１番１号,,011-511-9111,アパホテル株式会社,代表取締役,元谷芙美子,札保環許可（旅）第7号,2012-11-05,
56,簡易宿所,北海道難病センター,北海道札幌市中央区南４条西１０丁目,,011-512-3233,財団法人北海道難病連,代表理事,髙田泰一,札中保衛許可（旅）第1号,1983-01-19,
57,旅館・ホテル,札幌東武ホテル,北海道札幌市中央区南４条東１丁目,,011-242-0111,東武緑地株式会社,代表取締役,平野通郎,札保環許可（旅）第19号,2004-03-31,
58,簡易宿所,めざましサンド店,北海道札幌市中央区南４条東３丁目９－１,,011-211-1866,株式会社ソーシャルコンパス,代表取締役,大畑俊介,札保環許可（旅）第22号,2017-10-05,
59,旅館・ホテル,ホテル  クラークイン,北海道札幌市中央区南４条東４丁目１番地１１,,011-219-1118,ヒロ通商株式会社,代表取締役,三木秀宗,札保環許可（旅）第15号,2000-02-04,
60,旅館・ホテル,ＧＬＯＷＬ-Ｓ４Ｅ５,北海道札幌市中央区南４条東５丁目３－３,,,株式会社ＧＬＯＷＬ,代表取締役,堀麻美,札保環許可（旅）第30号,2018-01-25,
61,旅館・ホテル,コンフォートホテル札幌すすきの,北海道札幌市中央区南５条西１丁目２－１０,,011-513-4111,株式会社グリーンズ,代表取締役,村木雄哉,札保環許可（旅）第9号,2018-06-22,
62,旅館・ホテル,ＡＮＡホリデイ・イン・札幌すすきの　,北海道札幌市中央区南５条西３丁目７番地１,,011-512-5533,株式会社タスク,代表取締役,石村圭史,札保環許可（旅）第1号,2013-04-02,
63,旅館・ホテル,桃葉旅館,北海道札幌市中央区南５条西５丁目,,011-531-7075,大河博,,,札中保衛許可（旅）第4065号,1958-04-09,
64,簡易宿所,ＢＩＺＣＯＵＲＴ　ＣＡＢＩＮすすきの,北海道札幌市中央区南５条西５丁目１３－１,,050-5847-7444,ルートインジャパン株式会社,代表取締役,永山泰樹,札保環許可（旅）第31号,2017-03-31,
65,旅館・ホテル,ホテルルートイン札幌中央,北海道札幌市中央区南５条西５丁目１３番１,,011-518-6111,ルートインジャパン株式会社,代表取締役,永山泰樹,札保環許可（旅）第5号,2010-06-08,
66,旅館・ホテル,ザ・ビー札幌すすきの,北海道札幌市中央区南５条西６丁目１４番地１,,011-562-1122,株式会社イシン・サッポロミナミ・オペレーションズ,代表取締役,キース・タカシ・フジイ,札保環許可（旅）第27号,2018-01-12,
67,旅館・ホテル,旅館松山園,北海道札幌市中央区南５条西７丁目,,011-511-5548,柳沢幸子,,,札中保衛許可（旅）第21号,1964-02-12,
68,旅館・ホテル,プレミアホテル－ＣＡＢＩＮ－札幌,北海道札幌市中央区南５条西７丁目５番２、５番３、４番３,,,北海道ＰＫホテルマネジメント株式会社,代表取締役,藤渡孝幸,札保環許可（旅）第12号,2012-03-30,
69,旅館・ホテル,ＦＲＡＭＥ　ＨＯＴＥＬ　ＳＡＰＰＯＲＯ,北海道札幌市中央区南５条西７丁目８番１号,,011-530-0001,株式会社尚進,代表取締役,関口忠男,札保環許可（旅）第2号,2011-05-11,
70,旅館・ホテル,Ｇｕｅｓｔ　Ｈｏｕｓｅ　ＮＯＮＡＫＡ,北海道札幌市中央区南５条西９丁目,,011-521-1010,野中伴実,,,札保環許可（旅）第15号,2002-01-28,
71,旅館・ホテル,ＮＡＤＡ,北海道札幌市中央区南５条西９丁目,,011-551-5882,小鹿信平,,,札中保衛許可（旅）第7号,1991-11-08,
72,簡易宿所,ＴＨＥ　ＳＴＡＹ　ＳＡＰＰＯＲＯ,北海道札幌市中央区南５条西９丁目１００８番地の１０,,011-252-7401,株式会社フィルド,代表取締役,齋藤貴之,札保環許可（旅）第1号,2015-04-13,
73,簡易宿所,Ｓｏｃｉａｌ Ｈｏｓｔｅｌ ３６５,北海道札幌市中央区南５条西９丁目１０１９－１６,３６５ビル　２Ｆ,011-206-8569,合同会社ココロネ,代表社員,佐々木壮一,札保環許可（旅）第3号,2016-05-11,
74,簡易宿所,Ｓｏｃｉａｌ Ｈｏｓｔｅｌ ３６５ｇ,北海道札幌市中央区南５条西９丁目１０１９－１６,３６５ビル　３Ｆ,011-206-8569,合同会社ココロネ,代表社員,佐々木壮一,札保環許可（旅）第4号,2016-05-11,
75,簡易宿所,パティズハウス,北海道札幌市中央区南５条西１４丁目３－１２,,,池上恵子,,,札保環許可（旅）第2号,2018-04-06,
76,旅館・ホテル,ホテル　ロンシャン　サッポロ,北海道札幌市中央区南５条東１丁目１－２番地他,,011-561-1131,株式会社エフ・エル・ワイ,代表取締役,湯浅義弘,札保環許可（旅）第2号,2009-04-17,
77,簡易宿所,ＳａｐｐｏＬｏｄｇｅ,北海道札幌市中央区南５条東１丁目１番地４,,011-211-4314,株式会社ＧＯＯＤＶＩＢＥＳ,代表取締役,奈良亘,札保環許可（旅）第11号,2014-12-25,
78,旅館・ホテル,光栄旅館,北海道札幌市中央区南５条東３丁目５番地１,,011-531-7466,宮本春江,,,札保環許可（旅）第20号,2002-12-18,
79,旅館・ホテル,アパホテル　＜札幌すすきの＞,北海道札幌市中央区南６条西１丁目１１－２,,011-551-0811,アパホテル株式会社,代表取締役,元谷芙美子,札保環許可（旅）第10号,2001-07-10,
80,簡易宿所,倉のや,北海道札幌市中央区南６条西１丁目３－５３階,,011-211-0828,株式会社倉のや,代表取締役,小倉禎典,札保環許可（旅）第25号,2017-12-22,
81,旅館・ホテル,ホテル　ホワイトイン６・２,北海道札幌市中央区南６条西２丁目７－１,,011-521-6480,株式会社ベルブランシュ,代表取締役,小山隆子,札保環許可（旅）第6号,2010-07-01,
82,旅館・ホテル,スーパーホテル札幌・すすきの南,北海道札幌市中央区南６条西２丁目８－１,,011-521-9000,株式会社スーパーホテル,代表取締役,山村孝雄,札保環許可（旅）第23号,2008-03-26,
83,旅館・ホテル,ホテル新東,北海道札幌市中央区南６条西３丁目１－１１,,011-512-6611,新東商事株式会社,代表取締役,見上弘明,札中保衛許可（旅）第5号,1991-09-09,
84,旅館・ホテル,ホテルニュー北海,北海道札幌市中央区南６条西５丁目,,011-521-5331,片山謹三,,,札中保衛許可（旅）第6号,1987-05-08,
85,簡易宿所,スパ・サフロ,北海道札幌市中央区南６条西５丁目３番地２,,011-531-2233,株式会社Ｍ＆Ｓスパ・プロジェクト,代表取締役,澤田之孝,札保環許可（旅）第9号,2007-08-22,
86,旅館・ホテル,ホテルＷＢＦ札幌すすきの,北海道札幌市中央区南６条西５丁目８－６,,011-552-5001,ＷＢＦリゾート株式会社,代表取締役,近藤康生,札保環許可（旅）第29号,2017-03-28,
87,旅館・ホテル,スワンキーホテル・オートモ,北海道札幌市中央区南６条西６丁目,,011-513-1166,大友観光開発株式会社,代表取締役,大友正幸,札保環許可（旅）第8号,2009-02-04,
88,旅館・ホテル,ホテル　ウォーターゲート　札幌,北海道札幌市中央区南６条西７丁目１１－１,,011-511-0067,株式会社生明振興,代表取締役,佐藤公昭,札保環許可（旅）第4号,2013-05-15,
89,旅館・ホテル,ホテルローヤルステイ・サッポロ,北海道札幌市中央区南６条西８丁目２番地１,,011-512-5800,株式会社リオ＆パコホテルズ,代表取締役,東雲勝幸,札保環許可（旅）第10号,2013-11-21,
90,簡易宿所,Ｇ Ｃlasse（ジークラッセ）,北海道札幌市中央区南６条西８丁目８番１６号,,011-816-3636,株式会社エムズ,代表取締役,宮内雅弘,札保環許可（旅）第24号,2017-11-16,
91,旅館・ホテル,東横ＩＮＮ札幌すすきの南,北海道札幌市中央区南６条東２丁目１－１,,011-551-1045,株式会社東横イン,代表執行役,黒田麻衣子,札中保衛許可（旅）第7号,1996-01-31,
92,旅館・ホテル,ホテル　エス,北海道札幌市中央区南６条東３丁目１ー１,,011-563-5544,株式会社エス,代表取締役,岩寺利夫,札保環許可（旅）第12号,1997-09-25,
93,旅館・ホテル,ホテルヴィラシティ,北海道札幌市中央区南６条東３丁目１番地１,,,株式会社キャンドウスポーツ,代表取締役,韓義孝,札中保衛許可（旅）第2号,1988-03-07,
94,旅館・ホテル,ヴィラシティホテルトゥディ,北海道札幌市中央区南６条東３丁目１番地の２,,,株式会社キャンドウスポーツ,代表取締役,韓義孝,札中保衛許可（旅）第3号,1988-03-07,
95,旅館・ホテル,ＨＯＴＥＬ　ＰＯＲＴＥ,北海道札幌市中央区南６条東３丁目２０番１号,,011-530-0022,株式会社エブリース,代表取締役,工藤幹,札保環許可（旅）第29号,2018-01-18,
96,旅館・ホテル,札幌第一ホテル,北海道札幌市中央区南７条西１丁目１２－７,,011-530-1101,株式会社第一ホテル,代表取締役,米澤佳晃,札保環許可（旅）第5号,2007-05-07,
97,旅館・ホテル,レッドプラネット札幌すすきの南,北海道札幌市中央区南７条西１丁目１３番７,,011-211-4448,株式会社レッド・プラネット・ホテルズ・ジャパン,代表取締役,ティモシー・ハンシング,札保環許可（旅）第5号,2018-05-21,
98,旅館・ホテル,アパホテル＜札幌すすきの駅南＞,北海道札幌市中央区南７条西１丁目１９番１号,,,アパホテル株式会社,代表取締役,元谷芙美子,札保環許可（旅）第8号,2012-11-05,
99,旅館・ホテル,ブルーホテル　シュープリーム,北海道札幌市中央区南７条西２丁目,,011-511-1987,株式会社シュープリーム,代表取締役,木元浩喜,札保環許可（旅）第16号,2010-12-22,
100,旅館・ホテル,ジャスマックプラザ,北海道札幌市中央区南７条西３丁目４２５番地,,011-551-3333,ジャスマックプラザ株式会社,代表取締役,小栗政克,札保環許可（旅）第3号,2015-04-30,
101,旅館・ホテル,ホテルネッツ札幌,北海道札幌市中央区南７条西４丁目２番１,,011-522-2111,株式会社ポロス,代表取締役,才式祐久,札保環許可（旅）第14号,2017-06-27,
102,旅館・ホテル,ススキノラブホテル３,北海道札幌市中央区南７条西４丁目４２４-１４他,,011-522-2466,株式会社イースカイ,代表取締役,木元浩喜,札保環許可（旅）第5号,2005-07-07,
103,旅館・ホテル,ＨＯＴＥＬ　ＸＯ,北海道札幌市中央区南７条西５丁目,,011-521-2121,ユニバーランド株式会社,代表取締役,笹谷一二三,札中保衛許可（旅）第8号,1993-09-06,
104,旅館・ホテル,Ｔｍａｒｋ　Ｃｉｔｙ　Ｈｏｔｅｌ　Ｓａｐｐｏｒｏ,北海道札幌市中央区南７条西５丁目,,011-511-7531,株式会社アレグロクスＴＭホテルマネジメント,代表取締役社長,武山拓昭,札保環許可（旅）第17号,2015-02-20,
105,旅館・ホテル,ホテルマイステイズ札幌すすきの,北海道札幌市中央区南７条西５丁目１番地７,,011-520-1500,株式会社マイステイズ・ホテル・マネジメント,代表取締役,麻野篤毅,札保環許可（旅）第16号,2017-07-21,
106,旅館・ホテル,Ｃ－ＨＯＴＥＬ　ａｆｆｅｔｔｏ,北海道札幌市中央区南７条西５丁目２８９－５５,,011-522-2235,株式会社アフェット,代表取締役,岡澤茂和,札保環許可（旅）第2号,2010-04-16,
107,旅館・ホテル,ホテル　アネックス,北海道札幌市中央区南７条西５丁目２８９－５６,,,カンエイ実業株式会社,代表取締役,坂下修,札保環許可（旅）第25号,2017-01-31,
108,旅館・ホテル,ウィークリーさっぽろ本館,北海道札幌市中央区南７条西５丁目２８９－６３,,011-511-2000,リョーセイ有限会社,代表取締役,濵田研史,札保環許可（旅）第14号,2015-01-13,
109,簡易宿所,タイムピースアパートメント,北海道札幌市中央区南８条西１丁目１３－９２,,011-788-3928,平野仁,,,札保環許可（旅）第8号,2015-10-01,
110,簡易宿所,ＩＧＬＯＯ　ｂｙ　Ｓｏｃｉａｌ　Ｈｏｓｔｅｌｓ,北海道札幌市中央区南８条西１丁目１３－９３,,011-522-5818,合同会社ココロネ,代表社員,佐々木壮一,札保環許可（旅）第12号,2017-06-23,
111,旅館・ホテル,イビススタイルズ札幌,北海道札幌市中央区南８条西３丁目１０－１０,,011-530-4055,エイ・エイ・ピー・シー・ジャパン株式会社,代表取締役,フレドリックディグネジオ,札保環許可（旅）第12号,2014-12-26,
112,旅館・ホテル,ベストウエスタンホテル札幌中島公園,北海道札幌市中央区南８条西３丁目１０－１０,,011-530-4055,合同会社札幌ホテル・ホールディング,代表社員,株式会社ﾎﾃﾙﾏﾈｰｼﾞﾒﾝﾄｼﾞｬﾊﾟﾝ,札保環許可（旅）第3号,2013-04-25,
113,旅館・ホテル,ホテルリリーフ札幌すすきの,北海道札幌市中央区南８条西３丁目１－４,,011-532-0177,株式会社フェリーチェ,代表取締役,大森真,札保環許可（旅）第16号,2015-01-29,
114,旅館・ホテル,マークスイン札幌,北海道札幌市中央区南８条西３丁目１番地２,,011-512-5001,合同会社マークスイン札幌,代表社員,一般社団法人地域金融経済調査会,札保環許可（旅）第16号,2014-03-31,
115,旅館・ホテル,ティアラホテル札幌すすきの,北海道札幌市中央区南８条西３丁目７番１９,,011-513-8181,株式会社クリーンコーポレーション,代表取締役,大角忠義,札保環許可（旅）第2号,2008-07-01,
116,旅館・ホテル,ラヴホテルＺ,北海道札幌市中央区南８条西４丁目２８８－１０、１４,,011-511-8411,株式会社イースカイ,代表取締役,木元浩喜,札保環許可（旅）第4号,2014-09-29,
117,旅館・ホテル,ホテル　ラ・メール,北海道札幌市中央区南８条西４丁目２８８番地6.9.12.18.19,,011-552-5522,有限会社ホテル・ラメール企画,代表取締役,田中裕二,札保環許可（旅）第19号,2002-12-10,
118,旅館・ホテル,ラメール　ジュニア,北海道札幌市中央区南８条西４丁目289-141、-2,,011-520-4500,有限会社ラメール企画,代表取締役,田中裕二,札保環許可（旅）第2号,2005-04-15,
119,旅館・ホテル,ススキノ　ラヴ　ホテル,北海道札幌市中央区南８条西４丁目４２２,,011-563-6220,株式会社イースカイ,代表取締役,木元浩喜,札保環許可（旅）第12号,2004-09-14,
120,旅館・ホテル,札幌オリエンタルホテル,北海道札幌市中央区南８条西４丁目４２２,,011-552-5552,有限会社オベリスク,代表取締役,工藤勝美,札中保衛許可（旅）第1号,1996-04-11,
121,旅館・ホテル,ホテルブルーム,北海道札幌市中央区南８条西４丁目４２２番地,,011-511-2100,有限会社ホテルブルーム,代表取締役,佐々木芳行,札中保衛許可（旅）第7号,1993-09-02,
122,旅館・ホテル,札幌オリエンタルホテル,北海道札幌市中央区南８条西４丁目４２２番地,,011-562-6001,株式会社讚可,代表取締役,酒井利幸,札保環許可（旅）第23号,2003-02-18,
123,旅館・ホテル,Ｒｉｍａ　Ｓｔｙｌｅ　Ｌｕｘｅ,北海道札幌市中央区南８条西４丁目４２２番地４２,,011-511-5101,株式会社賛,代表取締役,富山哲新,札保環許可（旅）第12号,2010-12-06,
124,旅館・ホテル,ススキノ　ラブ　ホテル２,北海道札幌市中央区南８条西４丁目４２３,,011-521-3200,株式会社イースカイ,代表取締役,木元浩喜,札保環許可（旅）第15号,2004-10-05,
125,旅館・ホテル,ホテル　ルミナール,北海道札幌市中央区南８条西４丁目４２３－９,,011-512-1815,株式会社ホテルルミナール,代表取締役,三上良和,札保環許可（旅）第18号,2010-12-24,
126,旅館・ホテル,ウィークリーさっぽろアネックス,北海道札幌市中央区南８条西４丁目424番20・21,,011-511-2000,リョーセイ有限会社,取締役,濵田研史,札保環許可（旅）第1号,2005-04-11,
127,旅館・ホテル,ホテルＬ＆Ｌ,北海道札幌市中央区南８条西５丁目,,011-521-4381,有限会社井上ビルディング,取締役,井上明雄,札保環許可（旅）第1号,2001-04-09,
128,簡易宿所,Ten to Ten Hokkaido hostel & kitchen,北海道札幌市中央区南８条西５丁目２８８番５号,,,株式会社ＦＵＬＬＣＯＭＭＩＳＳＩＯＮ,代表取締役,山崎明信,札保環許可（旅）第20号,2016-12-09,
129,旅館・ホテル,おとぼけビーバー札幌,北海道札幌市中央区南８条西５丁目２８９－８３,,011-562-9298,有限会社山田メンテナンス,取締役,濱本元弘,札保環許可（旅）第12号,2006-02-10,
130,旅館・ホテル,ホテル　リマ,北海道札幌市中央区南８条西５丁目２８９番地,,011-511-0676,株式会社三新,代表取締役,富山哲新,札保環許可（旅）第20号,2008-03-13,
131,旅館・ホテル,ＵＮＷＩＮＤ　ＨＯＴＥＬ ＆ ＢＡＲ,北海道札幌市中央区南８条西５丁目２８９番地,,,株式会社グローバルエージェンツ,代表取締役,山﨑剛,札保環許可（旅）第27号,2017-02-02,
132,旅館・ホテル,クインテッサホテル札幌,北海道札幌市中央区南８条西５丁目２８９番地１０３,,011-512-8500,コアグローバルマネジメント株式会社,代表取締役,中野正純,札保環許可（旅）第7号,2015-09-11,
133,旅館・ホテル,ホテルレッツ　ススキノ,北海道札幌市中央区南８条西５丁目２８９番地６４,,011-598-1225,合同会社フェイス,代表社員,阿部淳一,札保環許可（旅）第15号,2017-06-28,
134,旅館・ホテル,ホテル札幌ＣＯＣＯ,北海道札幌市中央区南８条西５丁目２８９番地７８,,011-562-3000,株式会社札幌ＣＯＣＯ,代表取締役,松井みゆき,札保環許可（旅）第18号,2008-01-08,
135,旅館・ホテル,ＨＯＴＥＬ　ＣＲＸ（クルクス）,北海道札幌市中央区南８条西５丁目２８９番地９１,,011-512-8788,有限会社井上ビルディング,取締役,井上明雄,札保環許可（旅）第16号,2001-01-24,
136,旅館・ホテル,札幌エクセルホテル東急,北海道札幌市中央区南８条西５丁目４２０,,011-533-0109,株式会社札幌東急ホテルズ,代表取締役,小林昭人,札中保衛許可（旅）第5号,1995-12-22,
137,旅館・ホテル,ホテル　ライン,北海道札幌市中央区南８条西６丁目２８９－１９３,,011-521-3371,有限会社井上ビルディング,取締役,井上明雄,札保環許可（旅）第22号,2011-01-25,
138,簡易宿所,札幌ゲストハウス　縁家,北海道札幌市中央区南８条西８丁目５１５番地２０１,,011-531-4170,山本由記子,,,札保環許可（旅）第10号,2009-02-19,
139,旅館・ホテル,ホテルノースシティ,北海道札幌市中央区南９条西１丁目１３番地８２,,011-512-9748,北海道都市職員共済組合,理事長,西川将人,札中保衛許可（旅）第13号,1981-10-21,
140,旅館・ホテル,ホテルマイステイズプレミア札幌パーク,北海道札幌市中央区南９条西２丁目２－１０,,011-512-3456,株式会社マイステイズ・ホテル・マネジメント,代表取締役,麻野篤毅,札保環許可（旅）第6号,2016-05-31,
141,旅館・ホテル,ウィークリー翔すすきの,北海道札幌市中央区南９条西３丁目,,011-511-2221,有限会社エム・エス・ケイ,代表取締役,正木省司,札保環許可（旅）第25号,2003-03-14,
142,旅館・ホテル,ＨＯＴＥＬ　ＬｉＶＥＭＡＸ,北海道札幌市中央区南９条西３丁目１番２６号,,011-532-0500,株式会社リブ・マックス,代表取締役,有山憲,札保環許可（旅）第5号,2011-10-21,
143,旅館・ホテル,Ｒｉｍａ　ｃｈｏｃｏｌａｔ,北海道札幌市中央区南９条西３丁目２番２５号,,011-521-8567,株式会社三商,代表取締役,富山哲新,札保環許可（旅）第13号,2010-12-06,
144,旅館・ホテル,ベッセルイン札幌中島公園,北海道札幌市中央区南９条西４丁目１－２,,011-513-0700,株式会社ベッセルホテル開発,代表取締役,澁谷誠,札保環許可（旅）第9号,2013-01-29,
145,旅館・ホテル,ホテルリソル札幌　中島公園,北海道札幌市中央区南９条西４丁目４－１０,,011-561-0330,リソルホテル株式会社,代表取締役,今泉芳親,札中保衛許可（旅）第7号,1994-08-09,
146,旅館・ホテル,ホテルビスタ札幌［中島公園］,北海道札幌市中央区南９条西４丁目５,,011-552-2333,株式会社ビスタホテルマネジメント,代表取締役,大内克郎,札保環許可（旅）第1号,2011-04-07,
147,旅館・ホテル,ホテルライフォート札幌,北海道札幌市中央区南１０条西１丁目,,011-521-5211,公立学校共済組合,理事長,金森越哉,札保環許可（旅）第3号,1997-02-19,
148,旅館・ホテル,札幌パークホテル,北海道札幌市中央区南１０条西３丁目１番１号,,011-511-3131,株式会社グランビスタホテル＆リゾート,代表取締役,須田貞則,札保環許可（旅）第6号,2002-04-18,
149,旅館・ホテル,プレミアホテル　中島公園　札幌,北海道札幌市中央区南１０条西６丁目１番２１号,,011-561-1000,株式会社ケン・プレミア札幌マネジメント,代表取締役,野村裕幸,札保環許可（旅）第4号,2005-07-01,
150,簡易宿所,ゲストハウス　やすべえ,北海道札幌市中央区南１０条西７丁目６－６,,011-213-1305,河合康治,,,札保環許可（旅）第9号,2013-10-08,
151,簡易宿所,Ｇｕｅｓｔ Ｈｏｕｓｅ 旋,北海道札幌市中央区南１１条西６丁目２－２２,,,株式会社振旋,代表取締役,ソン・ウトウ,札保環許可（旅）第34号,2018-03-12,
152,旅館・ホテル,ビジネスインノルテ,北海道札幌市中央区南１１条西１丁目１－３５,,011-511-1222,オーブ株式会社,代表取締役,岩寺晴夫,札保環許可（旅）第5号,1999-07-23,
153,旅館・ホテル,ホテル　リオ,北海道札幌市中央区南１１条西１丁目１番３５号,,011-511-3399,株式会社リオ,代表取締役,岩寺利夫,札保環許可（旅）第21号,2010-12-27,
154,旅館・ホテル,ホテルマイステイズ札幌中島公園別館,北海道札幌市中央区南１１条西１丁目１番地１９,,011-563-6700,株式会社マイステイズ・ホテル・マネジメント,代表取締役,麻野篤毅,札保環許可（旅）第23号,2017-01-20,
155,簡易宿所,Ｓａｐｐｏｒｏ Ｓｔａｙ Ｎａｋａｊｉｍａ ｐａｒｋ,北海道札幌市中央区南１１条西１丁目４－１,,,株式会社グランマニエコーポレーション,代表取締役,近藤恵美子,札保環許可（旅）第14号,2018-07-11,
156,簡易宿所,ゲストハウス樹舎（いつきや）,北海道札幌市中央区南１１条西９丁目１番１３号,,011-211-1724,伊藤秀樹,,,札保環許可（旅）第8号,2012-02-01,
157,旅館・ホテル,ホテル牧,北海道札幌市中央区南１３条西７丁目１－２０,,011-521-1930,稲田眞紀子,,,札保環許可（旅）第9号,2012-03-01,
158,簡易宿所,ＯＣＨＯ　Ｇｕｅｓｔｈｏｕｓｅ,北海道札幌市中央区南１３条西８丁目１番２号,,011-211-0338,伊藤路,,,札保環許可（旅）第5号,2016-05-20,
159,旅館・ホテル,ＷＡＴＥＲ　ＨＯＴＥＬ　Ｋ,北海道札幌市中央区南１４条西１丁目,,011-521-3331,株式会社リバース,代表取締役,田村正亀,札中保衛許可（旅）第8号,1984-10-20,
160,旅館・ホテル,ホテルマイステイズ札幌中島公園,北海道札幌市中央区南１４条西１丁目１番２０号,,011-531-0550,株式会社マイステイズ・ホテル・マネジメント,代表取締役,麻野篤毅,札保環許可（旅）第9号,2015-10-23,
161,旅館・ホテル,株式会社すみれホテル,北海道札幌市中央区北１条西２丁目,,011-261-5151,株式会社すみれホテル,代表取締役,舟橋五峰,札中保衛許可（旅）第2号,1994-04-14,
162,旅館・ホテル,ユニゾイン札幌,北海道札幌市中央区北１条西３丁目３番１０,,011-221-5281,ユニゾホテル株式会社,代表取締役,小崎哲資,札保環許可（旅）第12号,2015-12-18,
163,旅館・ホテル,ホテルＷＢＦ札幌大通,北海道札幌市中央区北１条西４丁目１－１,三甲大通公園ビル　４F,011-252-1252,ＷＢＦリゾート株式会社,代表取締役,近藤康生,札保環許可（旅）第3号,2011-05-20,
164,旅館・ホテル,札幌グランドホテル,北海道札幌市中央区北１条西４丁目２番地,,011-261-3311,株式会社グランビスタホテル＆リゾート,代表取締役,須田貞則,札保環許可（旅）第5号,2002-04-18,
165,旅館・ホテル,日本私立学校振興・共済事業団　北海道会館　札幌ガーデンパレス,北海道札幌市中央区北１条西６丁目,,011-261-5311,日本私立学校振興・共済事業団,理事長,清家篤,札中保衛許可（旅）第8号,1992-06-04,
166,旅館・ホテル,ロイトン札幌,北海道札幌市中央区北１条西１１丁目１番地,,011-271-2711,大和リゾート株式会社,代表取締役,柴山良成,札中保衛許可（旅）第11号,1992-07-04,
167,簡易宿所,札幌円山ゲストハウス　つむり庵,北海道札幌市中央区北１条西２２丁目１－１８,,011-699-5669,鈴木和司,,,札保環許可（旅）第14号,2010-12-09,
168,旅館・ホテル,北海道母子福祉センター,北海道札幌市中央区北１条東８丁目,,011-251-2016,社会福祉法人北海道母子寡婦福祉連合会,理事長,畑和子,札中保衛許可（旅）第6号,1997-01-10,
169,旅館・ホテル,ニューオータニイン札幌,北海道札幌市中央区北２条西１丁目,,011-222-1111,エイチアールティーニューオータニ株式会社,代表取締役,原田明久,札保環許可（旅）第8号,2001-06-08,
170,旅館・ホテル,ホテルモントレエーデルホフ札幌,北海道札幌市中央区北２条西１丁目１番地,,011-242-7111,ホテルモントレ株式会社,代表取締役,木下勝弘,札保環許可（旅）第13号,2000-11-30,
171,旅館・ホテル,アパホテルＴＫＰ札幌駅前,北海道札幌市中央区北２条西２丁目１９番地１,,011-252-3167,株式会社ティーケーピー,代表取締役,河野貴輝,札保環許可（旅）第3号,2014-08-01,
172,旅館・ホテル,クロスホテル札幌,北海道札幌市中央区北２条西２丁目２３番地,,011-272-0010,クロスホテルズ株式会社,代表取締役,似内隆晃,札保環許可（旅）第7号,2007-07-19,
173,旅館・ホテル,ネストホテル札幌駅前,北海道札幌市中央区北２条西２丁目９,,011-222-6611,ネストホテルジャパン株式会社,代表取締役,河内中,札保環許可（旅）第2号,2013-04-22,
174,旅館・ホテル,ホテル法華クラブ札幌店,北海道札幌市中央区北２条西３丁目,,011-221-2141,株式会社法華倶楽部,代表取締役,嶋田靖永,札中保衛許可（旅）第5号,1983-04-28,
175,旅館・ホテル,ホテル時計台,北海道札幌市中央区北２条西３丁目,,011-222-7211,エヌケープロジェクト株式会社,代表取締役,金南賢,札中保衛許可（旅）第3号,1985-03-01,
176,旅館・ホテル,北二条クラブ,北海道札幌市中央区北２条西２１丁目２の１番地,,011-643-1141,北電興業株式会社,代表取締役,恩村裕之,札中保衛許可（旅）第6号,1996-01-31,
177,旅館・ホテル,ホテルクラビーサッポロ,北海道札幌市中央区北２条東３丁目1番地１,,011-242-5082,サッポロ不動産開発株式会社,代表取締役,生駒俊行,札中保衛許可（旅）第19号,1993-03-25,
178,旅館・ホテル,ＪＲイン札幌駅南口,北海道札幌市中央区北３条西１丁目１０番,,011-231-8111,ＪＲ北海道ホテルズ株式会社,代表取締役,石見誠嗣,札保環許可（旅）第16号,2016-09-30,
179,旅館・ホテル,リッチモンドホテル札幌駅前,北海道札幌市中央区北３条西１丁目１－７,,011-218-8555,アールエヌティーホテルズ株式会社,代表取締役,福村正道,札保環許可（旅）第4号,2006-05-18,
180,旅館・ホテル,東横イン札幌駅南口,北海道札幌市中央区北３条西１丁目１番１６号,,011-222-1045,株式会社東横イン,代表執行役,黒田麻衣子,札保環許可（旅）第17号,2002-11-05,
181,旅館・ホテル,ＡＮＡクラウンプラザホテル札幌,北海道札幌市中央区北３条西１丁目２番地９,,011-221-4411,株式会社札幌ホテルマネジメント,代表取締役,佐藤亮祐,札保環許可（旅）第1号,2014-05-29,
182,旅館・ホテル,Ｒ＆Ｂホテル札幌北３西２,北海道札幌市中央区北３条西２丁目１－３０,アルトパーク３・２ ２階～１１階　,011-210-1515,ワシントンホテル株式会社,代表取締役,内田和男,札保環許可（旅）第8号,2002-04-22,
183,旅館・ホテル,ホテルパールシティ札幌,北海道札幌市中央区北３条西２丁目１番２６号,,011-222-0511,ホテルマネージメントインターナショナル株式会社,代表取締役,大垣敏和,札保環許可（旅）第12号,2007-10-15,
184,旅館・ホテル,中村屋旅館,北海道札幌市中央区北３条西７丁目,緑苑ビル,011-241-2111,株式会社中村屋旅館,代表取締役,八尾師友美,札中保衛許可（旅）第2170号,1973-05-31,
185,旅館・ホテル,ホテルさっぽろ弥生,北海道札幌市中央区北３条西１２丁目１番,,011-281-2511,北海道キヨスク株式会社,代表取締役,栗原進,札保環許可（旅）第8号,2003-11-13,
186,簡易宿所,Ｃｉｔｙ　Ｃａｂｉｎ　Ｎｉｋｏｈ　Ｒｅｆｒｅ,北海道札幌市中央区北４条西２丁目１番地２,,011-585-6625,株式会社ニコー,代表取締役,晴山徳貴,札保環許可（旅）第19号,2018-08-08,
187,旅館・ホテル,ホテルグレイスリー札幌,北海道札幌市中央区北４条西４丁目１番地,,011-251-3211,札幌ワシントンホテル株式会社,代表取締役,星野健一,札保環許可（旅）第7号,2006-08-11,
188,旅館・ホテル,ポールスター札幌,北海道札幌市中央区北４条西６丁目２番地,,011-241-9111,北海道市町村職員共済組合,理事長,上野正三,札中保衛許可（旅）第12号,1988-08-11,
189,旅館・ホテル,ホテルルートイン札幌北四条,北海道札幌市中央区北４条西１３丁目１－５３,,011-204-7122,ルートインジャパン株式会社,代表取締役,永山泰樹,札保環許可（旅）第6号,2003-08-04,
190,旅館・ホテル,ＨＯＴＥＬ　ＤＯＲＡＬ,北海道札幌市中央区北４条西１７丁目１９番地,,011-622-2211,株式会社ドラールコスモ,代表取締役,布施光章,札中保衛許可（旅）第4号,1994-05-26,
191,旅館・ホテル,ホテルモントレ札幌,北海道札幌市中央区北４条東１丁目３番地,,011-232-7111,ホテルモントレ株式会社,代表取締役,木下勝弘,札保環許可（旅）第5号,2004-04-19,
192,旅館・ホテル,ＧＬＯＷＬ－Ｎ４Ｅ２Ⅱ,北海道札幌市中央区北４条東２丁目１－２,,03-6457-9436,株式会社ＧＬＯＷＬ,代表取締役,堀麻美,札保環許可（旅）第3号,2018-04-17,
193,旅館・ホテル,ＧＬＯＷＬ－Ｎ４Ｅ２Ⅰ,北海道札幌市中央区北４条東２丁目８－７,,03-6457-9436,株式会社ＧＬＯＷＬ,代表取締役,堀麻美,札保環許可（旅）第12号,2018-06-29,
194,旅館・ホテル,ＪＲタワーホテル日航札幌,北海道札幌市中央区北５条西２丁目５番地,,011-218-6670,ＪＲ北海道ホテルズ株式会社,代表取締役,石見誠嗣,札保環許可（旅）第3号,2003-05-16,
195,旅館・ホテル,センチュリーロイヤルホテル,北海道札幌市中央区北５条西５丁目,,011-221-2121,札幌国際観光株式会社,代表取締役,桶川昌幸,札中保衛許可（旅）第2161号,1973-05-09,
196,旅館・ホテル,ＪＲイン札幌,北海道札幌市中央区北５条西６丁目１,,011-233-3008,ＪＲ北海道ホテルズ株式会社,代表取締役,石見誠嗣,札保環許可（旅）第8号,2013-09-27,
197,旅館・ホテル,三井ガーデンホテル札幌,北海道札幌市中央区北５条西６丁目１８－３,,011-280-1131,株式会社三井不動産ホテルマネジメント,代表取締役,足立充,札保環許可（旅）第3号,2010-05-28,
198,旅館・ホテル,株式会社京王プラザホテル札幌,北海道札幌市中央区北５条西７丁目,,011-271-0111,株式会社京王プラザホテル札幌,代表取締役,池田純久,札中保衛許可（旅）第3号,1982-03-04,
199,簡易宿所,Ｌｕｘｅ　Ｉｎｎ　Ｍａｒｕｙａｍａ,北海道札幌市中央区北５条西２４丁目２番１２号,,,株式会社リロケーションサービス,代表取締役,高橋孝嘉,札保環許可（旅）第10号,2018-06-25,
200,簡易宿所,北翠寮,北海道札幌市中央区北７条西１２丁目１１,,011-231-3990,古屋博子,,,札保環許可（旅）第22号,1998-02-19,
201,旅館・ホテル,ブルーホテル　オクタ,北海道札幌市中央区北１５条西１９丁目１－１９,,011-738-2466,株式会社オクタ,代表取締役,木元浩喜,札保環許可（旅）第17号,2010-12-22,
202,旅館・ホテル,ホテルＥＬＬＡＧＯ,北海道札幌市北区東茨戸２条１丁目７－２５,,011-771-1471,株式会社雄紀産業,代表取締役,土本さやか,札北保衛許可（旅）第398号,1971-09-30,
203,旅館・ホテル,シャトレーゼガトーキングダムサッポロ,北海道札幌市北区東茨戸１３２番地,,011-773-2211,株式会社札幌シャトレーゼ,代表取締役,水澤義治,札保環許可（旅）第10号,2002-07-11,
204,旅館・ホテル,ホテル水色の詩,北海道札幌市北区屯田３条２丁目２番８号,,011-771-2536,株式会社コア・ビーエム,代表取締役,福田義知,札北保衛許可（旅）第2057号,1970-12-28,
205,旅館・ホテル,東横イン札幌駅北口,北海道札幌市北区北６条西１丁目４－３,,011-728-1045,株式会社東横イン,代表執行役,黒田麻衣子,札保環許可（旅）第1号,2003-04-07,
206,旅館・ホテル,ホテルＷＢＦ札幌ノースゲート,北海道札幌市北区北６条西４丁目２－６,,011-757-2001,ＷＢＦリゾート株式会社,代表取締役,近藤康生,札保環許可（旅）第10号,2012-03-21,
207,旅館・ホテル,ホテル京阪　札幌,北海道札幌市北区北６条西６丁目１-９,,011-758-0321,株式会社ホテル京阪,代表取締役,工藤俊也,札保環許可（旅）第6号,2009-05-29,
208,簡易宿所,北海道青年会館札幌ハウスセミナーセンター,北海道札幌市北区北６条西６丁目３－１,,011-726-4235,一般財団法人北海道青年会館,代表理事,西村昭教,札北保衛許可（旅）第2067号,1974-07-10,
209,旅館・ホテル,札幌クレセントホテル,北海道札幌市北区北６条西７丁目５－７,,011-747-8839,株式会社湯の川プリンスホテル,代表取締役,河内孝夫,札北保衛許可（旅）第7号,1992-12-16,
210,旅館・ホテル,ＨＯＴＥＬ　ＬｉＶＥＭＡＸ　札幌駅前,北海道札幌市北区北６条西７丁目５－７,,011-747-2010,株式会社リブ・マックス,代表取締役,有山憲,札保環許可（旅）第5号,2015-08-20,
211,簡易宿所,Ｔｅｎ　ｔｏ　Ｔｅｎ　ＳＡＰＰＯＲＯ　ＳＴＡＴＩＯＮ,北海道札幌市北区北６条西８丁目３－４,,011-214-1164,株式会社ＦＵＬＬＣＯＭＭＩＳＳＩＯＮ,代表取締役,山崎明信,札保環許可（旅）第10号,2017-06-14,
212,旅館・ホテル,ホテルサンルート札幌,北海道札幌市北区北７条西１丁目１番地22,ホテルサンルート札幌（丸増ビル）,011-737-8111,株式会社ポロス,代表取締役,才式祐久,札保環許可（旅）第18号,2004-03-12,
213,旅館・ホテル,ホテル　ルートイン札幌駅前北口,北海道札幌市北区北７条西４丁目２－２,,011-727-2111,ルートインジャパン株式会社,代表取締役,永山泰樹,札保環許可（旅）第1号,2008-06-09,
214,旅館・ホテル,北海道クリスチャンセンター,北海道札幌市北区北７条西６丁目,,011-736-3388,日本基督教団芦別教会,代表役員,日向恭司,札保環許可（旅）第11号,2010-11-29,
215,簡易宿所,ｗａｇａｙａｄｏ　晴　－ＨａＬｅ－,北海道札幌市北区北７条西８丁目３番１２号,,011-299-6257,株式会社ＦＵＬＬＣＯＭＭＩＳＳＩＯＮ,代表取締役,山崎明信,札保環許可（旅）第14号,2016-01-07,
216,旅館・ホテル,ホテルマイステイズ札幌駅北口,北海道札幌市北区北８条西４丁目１５,,011-729-4055,株式会社マイステイズ・ホテル・マネジメント,代表取締役,麻野篤毅,札保環許可（旅）第17号,2016-10-06,
217,旅館・ホテル,東横イン札幌北大前,北海道札幌市北区北８条西４丁目２２－７,,011-717-1045,株式会社東横イン,代表執行役,黒田麻衣子,札北保衛許可（旅）第3号,1996-11-28,
218,旅館・ホテル,ホテルマイステイズ札幌アスペン,北海道札幌市北区北８条西４丁目５番地,,011-700-2111,札幌アスペンホテル株式会社,代表取締役,滝澤和政,札保環許可（旅）第6号,1999-07-23,
219,旅館・ホテル,アパホテル＜ＴＫＰ札幌駅北口＞ＥＸＣＥＬＬＥＮＴ,北海道札幌市北区北１０条西３丁目７番地,,011-756-7733,株式会社ティーケーピー,代表取締役,河野貴輝,札保環許可（旅）第11号,2016-07-29,
220,旅館・ホテル,ビジネス イン ノルテ Ⅱ,北海道札幌市北区北１０条西４丁目１番２２,,011-707-0066,オーブ株式会社,代表取締役,岩寺晴夫,札保環許可（旅）第2号,2000-04-28,
221,旅館・ホテル,札幌クラークホテル,北海道札幌市北区北１３条西４丁目,,011-716-7772,株式会社ホライズン,代表取締役,長崎弘晃,札保環許可（旅）第10号,2007-09-05,
222,旅館・ホテル,札幌クラークホテル,北海道札幌市北区北１３条西４丁目１－１５,,011-716-7772,札幌クラークホテル株式会社,代表取締役,相馬輝昭,札保環許可（旅）第18号,2017-08-18,
223,旅館・ホテル,ホテル　サッポロメッツ,北海道札幌市北区北１７条西５丁目２－５０,,011-726-5511,有限会社美栄社,代表取締役,若林亜希,札保環許可（旅）第10号,2000-10-20,
224,簡易宿所,ＵＮＴＡＰＰＥＤ　ＨＯＳＴＥＬ　ＡＮＮＥＸ,北海道札幌市北区北１８条西４丁目１－７,,011-788-4579,神輝哉,,,札保環許可（旅）第19号,2016-10-26,
225,簡易宿所,ＵＮＴＡＰＰＥＤ　ＨＯＳＴＥＬ,北海道札幌市北区北１８条西４丁目１－８,,011-788-4579,神輝哉,,,札保環許可（旅）第9号,2014-12-12,
226,旅館・ホテル,北海道第一ホテルサッポロ,北海道札幌市北区北２３条西４丁目19-314,,011-726-3232,株式会社マルカサポート・ツー,代表取締役,金井小百合,札保環許可（旅）第7号,2005-08-08,
227,簡易宿所,ホッカイドウ・サン・ゲストハウス,北海道札幌市北区北２３条西６丁目２－２１,,011-788-5099,合同会社リベルタージ,代表社員,海野絵理,札保環許可（旅）第15号,2016-09-29,
228,旅館・ホテル,ホテルヴィーナス,北海道札幌市北区北２４条西４丁目３番２０号,,011-747-7116,株式会社プラグレス,代表取締役,南秀晴,札北保衛許可（旅）第3号,1984-09-10,
229,旅館・ホテル,ホテル目黒エンペラー,北海道札幌市北区北２４条西４丁目４－６,,011-746-0501,濱谷政治,,,札北保衛許可（旅）第3号,1980-11-15,
230,旅館・ホテル,札幌サンプラザ,北海道札幌市北区北２４条西５丁目１,,011-717-2711,一般財団法人札幌勤労者職業福祉センター,理事長,町田隆敏,札北保衛許可（旅）第1号,1986-08-25,
231,旅館・ホテル,ホテルフィオナ,北海道札幌市北区北３７条西８丁目２番６号,,011-756-5603,山タ武田商事株式会社,代表取締役,田中裕二,札北保衛許可（旅）第2号,1980-06-06,
232,旅館・ホテル,ホテルロイヤル朋,北海道札幌市北区北４０条西５丁目５－１５,,011-717-0050,若松興産有限会社,代表取締役,追越悟,札北保衛許可（旅）第2号,1981-11-06,
233,下宿,トゥレプの杜,北海道札幌市東区中沼５条１丁目１番２５号,,,一般社団法人ピリカの丘,代表理事,高橋陽子,札保環許可（旅）第24号,2017-01-25,
234,旅館・ホテル,ホテル　水色の詩,北海道札幌市東区東苗穂５条２丁目６番３７号,,011-783-6288,有限会社水組,代表取締役,堀尾博美,札保環許可（旅）第7号,2001-06-06,
235,旅館・ホテル,芙蓉館,北海道札幌市東区北７条東３丁目２８番地,,011-711-8762,有限会社芙蓉館,代表取締役,阿部典昭,札保環許可（旅）第17号,2002-03-12,
236,下宿,アルファケア北８条東／アルファマンスリー北８条東,北海道札幌市東区北８条東１２丁目１－５,,011-752-6240,アルファコミュニティ株式会社,代表取締役,川村裕二,札保環許可（旅）第20号,2017-09-06,
237,簡易宿所,Ｐｉｒｋａ　Ｓａｐｐｏｒｏ,北海道札幌市東区北１４条東１２丁目１番３０号,,011-723-7810,伴朋之,,,札保環許可（旅）第35号,2018-03-22,
238,旅館・ホテル,アーバンホテルマルコー,北海道札幌市東区北１７条東１丁目３番７号,,011-704-7111,有限会社丸幸ホテル,代表取締役,熱田直樹,札東保衛許可（旅）第1号,1991-05-24,
239,旅館・ホテル,丸幸旅館,北海道札幌市東区北１７条東１丁目４番３号,,011-721-4786,熱田桂子,,,札東保衛許可（旅）第1号,1990-04-03,
240,旅館・ホテル,ホテル ピジョン ド ラ・メール,北海道札幌市東区北３３条東１７丁目,,011-780-8811,有限会社北野商事,代表取締役,田中裕二,札東保衛許可（旅）第1号,1983-03-17,
241,旅館・ホテル,ホテルユキタ,北海道札幌市東区北３６条東１５丁目３－１５,,011-751-3500,株式会社ユキタ,代表取締役,鈴木隆也,札東保衛許可（旅）第3号,1993-11-19,
242,旅館・ホテル,ホテル朋,北海道札幌市東区北３９条東１６丁目,,011-783-5148,若松興産有限会社,代表取締役,追越悟,札東保衛第3124号,1979-12-12,
243,旅館・ホテル,ドミトリー南郷,北海道札幌市白石区栄通１７丁目５番２５号,,011-855-7333_,株式会社南郷,代表取締役,竹内信也,札保環許可（旅）第7号,2014-10-23,
244,旅館・ホテル,ＨＯＴＥＬ　ＰＯＴＭＵＭ,北海道札幌市白石区菊水１条１丁目３－１７,,011-826-4500,株式会社藤井ビル,代表取締役,藤井將博,札保環許可（旅）第8号,2017-05-31,
245,簡易宿所,ビーチ＆フィールド　イン,北海道札幌市白石区菊水７条２丁目６番地,,011-376-1288,一般財団法人ビーチ＆フィールド保護協会,理事長,濱野安宏,札保環許可（旅）第16号,2018-07-18,
246,旅館・ホテル,ホテル　アセントイン札幌,北海道札幌市白石区東札幌３条２丁目１－３,,011-820-2800,泰和石油株式会社,代表取締役,田井中,札保環許可（旅）第2号,2003-04-30,
247,簡易宿所,イノーズ プレイス,北海道札幌市白石区東札幌３条４丁目６－５,,011-832-1828,猪俣栄治,,,札保環許可（旅）第13号,2001-11-30,
248,旅館・ホテル,ホテル縁,北海道札幌市白石区平和通１２丁目北６－２０,,011-862-2016,株式会社丸信企画,代表取締役,前田英則,札白保衛許可（旅）第3号,1979-12-05,
249,旅館・ホテル,ホテルシエロ,北海道札幌市白石区平和通１２丁目北６－５０,,011-863-1001,有限会社北雄,取締役,前田英則,札保環許可（旅）第19号,2001-03-05,
250,旅館・ホテル,ホテル　アーデン,北海道札幌市白石区平和通１４丁目北２－４５,,011-861-3937,株式会社東日商事,代表取締役,竹生功,札白保衛許可（旅）第1号,1985-02-09,
251,旅館・ホテル,ホテルクレア,北海道札幌市白石区平和通１４丁目北３番２８号,,011-862-5616,山タ武田商事株式会社,代表取締役,田中裕二,札白保衛許可（旅）第2号,1981-11-18,
252,旅館・ホテル,ホテル　ワイズ,北海道札幌市白石区米里１条２丁目２－３,,011-879-3311,株式会社ワイズ,代表取締役,岩寺利夫,札保環許可（旅）第19号,1997-12-09,
253,旅館・ホテル,ホテルルートイン札幌白石,北海道札幌市白石区北郷４条２丁目１－５,,011-873-2727,ルートインジャパン株式会社,代表取締役,永山泰樹,札保環許可（旅）第9号,2001-07-02,
254,旅館・ホテル,ホテルエミシア札幌,北海道札幌市厚別区厚別中央２条５丁目５番２５号,,011-895-8811,株式会社ホスピタリティオペレーションズ,代表取締役,田中章生,札保環許可（旅）第7号,2013-08-28,
255,旅館・ホテル,アークシティホテル,北海道札幌市厚別区厚別中央２条５丁目６－２,,011-890-2525,株式会社アークホテルシステム,代表取締役,井澤睦雄,札厚保衛許可（旅）第1号,1990-05-29,
256,旅館・ホテル,ホテル　アクアムーン,北海道札幌市厚別区厚別東４条２丁目４番２７号,,011-898-2535,有限会社富士興産,取締役,塩見昌宏,札保環許可（旅）第11号,2002-07-16,
257,旅館・ホテル,レジャーホテル・ボルボ,北海道札幌市厚別区厚別東５条１丁目２,,011-897-1171,株式会社公商事,代表取締役,佐藤公夫,札厚保衛許可（旅）第1号,1984-06-06,
258,旅館・ホテル,プチ・ラメールⅡ,北海道札幌市厚別区大谷地西６丁目５番１５,,011-892-8415,サッポロホールディング有限会社,代表取締役,田中裕二,札厚保衛許可（旅）第3号,1980-09-19,
259,旅館・ホテル,プチ・ラメール,北海道札幌市厚別区大谷地西６丁目５番１５号,,011-892-8415,サッポロホールディング有限会社,代表取締役,田中裕二,札厚保衛許可（旅）第1号,1979-09-03,
260,旅館・ホテル,オーベルジュ・ラ・グラース,北海道札幌市厚別区大谷地東７丁目５番１号,,011-893-5656,株式会社ラ・グラース,代表取締役,岩寺利夫,札厚保衛許可（旅）第1号,1995-02-21,
261,簡易宿所,ＡＫＫＯ’ｓ　Ｇｕｅｓｔ　Ｈｏｕｓｅ,北海道札幌市豊平区月寒西１条６丁目２番１号,,011-858-0155,合同会社アキエステート,代表社員,高田昭子,札保環許可（旅）第28号,2018-01-17,
262,簡易宿所,ＳＡＫＵＲＡ ＨＯＵＳＥ,北海道札幌市豊平区月寒西３条１０丁目２－４８,,,藤野雄,,,札保環許可（旅）第17号,2018-07-19,
263,旅館・ホテル,アーバンリゾート　ヴィーナスコート,北海道札幌市豊平区中の島１条４丁目１－１,,011-837-8888,総合ビジネス株式会社,代表取締役,中澤信寛,札保環許可（旅）第19号,2010-12-22,
264,旅館・ホテル,Rima Sweet,北海道札幌市豊平区中の島２条８丁目６－２０,,011-813-1115,株式会社三新,代表取締役,富山哲新,札保環許可（旅）第10号,2010-01-14,
265,簡易宿所,ペンション雪輪,北海道札幌市豊平区美園８条２丁目４番２１号,,011-822-7123,霜鳥弘典,,,札保環許可（旅）第21号,2008-03-19,
266,下宿,ペンション雪輪Ⅰ,北海道札幌市豊平区美園８条２丁目４番２１号,,011-822-7123,霜鳥弘典,,,札保環許可（旅）第13号,2015-12-24,
267,下宿,カルムイン美園,北海道札幌市豊平区美園８条６丁目１５番地,,011-833-0800,丸紅リアルエステートマネジメント株式会社,代表取締役,吉田隆太郎,札豊保衛許可（旅）第1号,1995-02-13,
268,旅館・ホテル,ブルーホテルダリア,北海道札幌市豊平区福住２条８丁目,,011-851-9388,株式会社吉川観光,代表取締役,木元浩喜,札豊保衛許可（旅）第1586号,1970-06-08,
269,旅館・ホテル,ＨＯＴＥＬ　ＳＵＬＡＴＡ,北海道札幌市豊平区平岸１条８丁目９－１５,,011-820-7771,株式会社ＳＵＬＡＴＡ北海道,代表取締役,堀雅彦,札保環許可（旅）第6号,2011-10-21,
270,旅館・ホテル,ナチュラルホテル　リーフ,北海道札幌市豊平区平岸１条８丁目９番１５号,,011-815-5050,株式会社プランニングフード,代表取締役,石澤隆典,札保環許可（旅）第10号,2010-10-26,
271,旅館・ホテル,ホテルＷＯＯ　パートⅡ,北海道札幌市豊平区平岸１条１２丁目,,011-841-1534,有限会社及川商事,代表取締役,及川隆,札豊保衛許可（旅）第6号,1981-07-22,
272,旅館・ホテル,ホテルＷＯＯ　パートⅠ,北海道札幌市豊平区平岸１条１２丁目,,011-841-1534,有限会社及川商事,代表取締役,及川隆,札豊保衛許可（旅）第6号,1979-07-28,
273,旅館・ホテル,ホテル　フォレスティ,北海道札幌市豊平区平岸１条１２丁目１番７９号,,011-837-5557,株式会社フォレスティ,代表取締役,渡邊祐輔,札保環許可（旅）第20号,2010-12-24,
274,簡易宿所,Ｇｕｅｓｔ　Ｈｏｕｓｅ　ｗａｙａ,北海道札幌市豊平区豊平２条４丁目１－４３,,011-850-9482,合同会社Ｓｔａｙｌｉｎｋ,代表役員,河嶋峻,札保環許可（旅）第5号,2014-10-21,
275,簡易宿所,成屋,北海道札幌市豊平区豊平３条１丁目１－１,豊拓ビル３、４Ｆ,,合同会社スリーロード,代表社員,外崎一成,札保環許可（旅）第5号,2017-05-15,
276,簡易宿所,サードプレイスイン,北海道札幌市豊平区豊平３条４丁目１－２３,,011-598-7223,合同会社Ｓｔａｙｌｉｎｋ,代表社員,河嶋峻,札保環許可（旅）第33号,2018-03-12,
277,旅館・ホテル,プレミアホテル‐ＴＳＵＢＡＫＩ-札幌,北海道札幌市豊平区豊平４条１丁目１番１号,,011-821-1111,ケン・プレミア・ホテル・マネジメント株式会社,代表取締役,緒方俊彦,札保環許可（旅）第9号,2003-11-18,
278,旅館・ホテル,丸富旅館,北海道札幌市豊平区豊平４条８丁目１番３号,,011-811-7747,遠谷哲治,,,札保環許可（旅）第16号,2007-12-27,
279,旅館・ホテル,札幌国際ユースホステル,北海道札幌市豊平区豊平６条６丁目５番３５号,,011-825-3389,札幌市,札幌市長,秋元克広,札保環許可（旅）第18号,2007-03-27,
280,旅館・ホテル,ホテルウィングⅡ,北海道札幌市清田区清田１条１丁目１－２８,,011-881-1486,有限会社富士観光,代表取締役,土屋英樹,札豊保衛許可（旅）第3号,1985-04-12,
281,旅館・ホテル,ホテル　キャレス,北海道札幌市清田区平岡１条３丁目３‐１,,011-881-1754,有限会社寿楽興業,代表取締役,富田佳直,札保環許可（旅）第16号,2004-02-12,
282,旅館・ホテル,ホテルクラウン,北海道札幌市清田区里塚１条２丁目１６－１０,,011-881-3183,有限会社マルミ観光,代表取締役,津村進,札豊保衛許可（旅）第3号,1984-08-31,
283,旅館・ホテル,ホテルクィーンⅡ,北海道札幌市清田区里塚２条１丁目１６－１,,011-883-1315,株式会社坂本建設工業,代表取締役,坂本浩,札豊保衛許可（旅）第3号,1983-09-27,
284,旅館・ホテル,ホテル　ルティーナ,北海道札幌市清田区里塚２条４丁目２番１号,,011-882-3266,有限会社雄貴,代表取締役,藤田浩一,札保環許可（旅）第9号,2002-07-11,
285,旅館・ホテル,芸森スタジオ　Ｃｌｏｕｄ　Ｌｏｄｇｅ,北海道札幌市南区芸術の森３丁目９１５－２０,,011-206-7355,株式会社ＳＡＶＥ,代表取締役,小島紳次郎,札保環許可（旅）第1号,2017-04-10,
286,旅館・ホテル,湯元旬の御宿まつの湯,北海道札幌市南区小金湯２４－２・３・４,,011-596-2131,株式会社松の湯旅舘,代表取締役社長,陰元潤一,札保環許可（旅）第9号,1998-11-26,
287,旅館・ホテル,湯元小金湯　別館,北海道札幌市南区小金湯２５番１,,011-596-2111,工藤産業株式会社,代表取締役,工藤芳夫,札保環許可（旅）第1号,2007-04-09,
288,旅館・ホテル,湯元　小金湯,北海道札幌市南区小金湯２５番地１,,011-596-2111,工藤産業株式会社,代表取締役,工藤芳夫,札保環許可（旅）第22号,2008-03-19,
289,簡易宿所,ＣＯＱ,北海道札幌市南区常盤５条１丁目１番２３号,２Ｆ,011-252-9095,株式会社ＫＡＪＩＨＡＲＡＤＥＳＩＧＮＳＴＵＤＩＯ,代表取締役,梶原加奈子,札保環許可（旅）第17号,2017-07-27,
290,旅館・ホテル,札幌市保養センター駒岡,北海道札幌市南区真駒内６００番地,,011-583-8553,札幌市,札幌市長,秋元克広,札南保衛許可（旅）第1号,1986-03-12,
291,旅館・ホテル,北海道青少年会館　コンパス,北海道札幌市南区真駒内柏丘７丁目８番１号,,011-584-7555,株式会社スポートピア,代表取締役,安田光則,札保環許可（旅）第12号,2013-03-25,
292,旅館・ホテル,ホテル　ロロ,北海道札幌市南区川沿１条２丁目２－１,,011-573-6060,有限会社藻岩観光商事,取締役,岩寺利夫,札南保衛許可（旅）第4号,1985-02-12,
293,旅館・ホテル,アパホテル＆リゾート＜札幌＞,北海道札幌市南区川沿４条２丁目,,011-571-3111,アパホテル株式会社,代表取締役,元谷芙美子,札保環許可（旅）第6号,2004-04-30,
294,旅館・ホテル,ホテルストロベリー,北海道札幌市南区川沿１１条１丁目７－２７,,011-573-2380,有限会社福吉観光,取締役,佐藤則子,札南保衛許可（旅）第7号,1985-10-31,
295,旅館・ホテル,ホテルかわぞい,北海道札幌市南区川沿１２条１丁目１－６９,,011-571-5885,有限会社エイト商事,代表取締役,山根かおり,札南保衛許可（旅）第2号,1985-02-12,
296,簡易宿所,滝野自然学園,北海道札幌市南区滝野１０６番地,,011-591-8780,公益財団法人さっぽろ青少年女性活動協会,代表理事,岡村龍一,札保環許可（旅）第2号,2016-04-19,
297,簡易宿所,青少年山の家,北海道札幌市南区滝野２４３番地,国営滝野すずらん丘陵公園内,011-591-0303,札幌市,札幌市長,秋元克広,札南保衛許可（旅）第2号,1989-09-08,
298,簡易宿所,オートリゾート滝野,北海道札幌市南区滝野２４７番地,,011-594-2122,一般財団法人公園財団,代表理事,蓑茂壽太郎,札保環許可（旅）第1号,2006-04-21,
299,簡易宿所,札幌市定山渓自然の村,北海道札幌市南区定山渓（豊平峡ダム下流国有林野）,,011-598-3100,札幌市,札幌市長,秋元克広,札保環許可（旅）第4号,1998-06-18,
300,旅館・ホテル,一峯小築,北海道札幌市南区定山渓５６６番地１,,011-215-1195,ＭＣ芸術株式会社,代表取締役,劉峰,札保環許可（旅）第14号,2016-09-02,
301,旅館・ホテル,佳松御苑,北海道札幌市南区定山渓８５７番地,,011-598-2661,株式会社ハマノホテルズ,代表取締役,浜野浩二,札保環許可（旅）第4号,2018-05-18,
302,旅館・ホテル,温泉旅館　錦和荘,北海道札幌市南区定山渓温泉西１丁目４０番地１,,011-213-1307,錦和観光株式会社,代表取締役,恒川正明,札保環許可（旅）第22号,2017-01-19,
303,旅館・ホテル,定山渓研修保養施設　倶楽部錦渓,北海道札幌市南区定山渓温泉西１丁目４番、５番の内,,011-522-6669,株式会社メディカルシステムネットワーク,代表取締役社長,田尻稲雄,札保環許可（旅）第14号,2014-03-06,
304,旅館・ホテル,札幌市職員共済組合定山渓保養所渓流荘,北海道札幌市南区定山渓温泉西２丁目,,011-598-2721,札幌市職員共済組合,理事長,町田隆敏,札南保衛許可（旅）第44号,1972-01-24,
305,旅館・ホテル,翠山亭倶楽部定山渓,北海道札幌市南区定山渓温泉西２丁目１０番地,,011-598-3341,株式会社第一寶亭留,代表取締役,布村俊雄,札保環許可（旅）第16号,2006-12-27,
306,旅館・ホテル,ホテル鹿の湯,北海道札幌市南区定山渓温泉西３丁目,,011-598-2311,株式会社ホテル鹿の湯,代表取締役,金川一男,札南保衛許可（旅）第3号,1992-08-27,
307,旅館・ホテル,定山渓第一寶亭留・翠山亭,北海道札幌市南区定山渓温泉西３丁目１０５番地,,011-598-2141,株式会社第一寶亭留,代表取締役,布村俊雄,札南保衛許可（旅）第4号,1983-10-20,
308,旅館・ホテル,厨翠山,北海道札幌市南区定山渓温泉西３丁目３番地、４番地,,011-598-5555,株式会社第一寶亭留,代表取締役,布村俊雄,札保環許可（旅）第7号,2017-05-26,
309,旅館・ホテル,翠蝶館,北海道札幌市南区定山渓温泉西３丁目５７番地１、２、３,,011-595-3330,株式会社第一寶亭留,代表取締役,布村俊雄,札保環許可（旅）第3号,2005-06-10,
310,旅館・ホテル,定山渓ホテル,北海道札幌市南区定山渓温泉西４丁目３４０番地,,011-598-2111_,合同会社定山渓ホテルインターナショナル,代表社員,水山勝行,札保環許可（旅）第30号,2017-03-31,
311,旅館・ホテル,ぬくもりの宿ふる川,北海道札幌市南区定山渓温泉西４丁目３５３,,011-598-2345,株式会社ぬくもりの宿ふる川,代表取締役,古川善雄,札南保衛許可（旅）第1号,1976-06-01,
312,旅館・ホテル,定山渓ビューホテル,北海道札幌市南区定山渓温泉東２丁目,,011-598-3223,カラカミ観光株式会社,代表取締役,片山達哉,札南保衛許可（旅）第1号,1996-04-24,
313,旅館・ホテル,悠久の宿　白糸,北海道札幌市南区定山渓温泉東２丁目１３８－１,,011-598-3351,図南商事株式会社,代表取締役,角川喜宣,札南保衛許可（旅）第1188号,1969-09-04,
314,旅館・ホテル,定山渓鶴雅リゾートスパ森の謌,北海道札幌市南区定山渓温泉東３丁目１９２番地,,011-598-2671,鶴雅リゾート株式会社,代表取締役社長,大西雅之,札保環許可（旅）第7号,2010-07-30,
315,旅館・ホテル,章月グランドホテル,北海道札幌市南区定山渓温泉東３丁目２３９番地,,011-598-2231,野口観光マネジメント株式会社,代表取締役,野口秀夫,札保環許可（旅）第7号,2018-05-31,
316,旅館・ホテル,定山渓万世閣　ホテルミリオーネ,北海道札幌市南区定山渓温泉東３丁目２６１番地,,011-598-3500,株式会社萬世閣,代表取締役,濱野清正,札南保衛許可（旅）第2号,1997-03-31,
317,旅館・ホテル,ホテル山渓苑,北海道札幌市南区定山渓温泉東４丁目３２１番地,,011-211-5678,日房株式会社,代表取締役,北園一波,札保環許可（旅）第13号,2014-12-26,
318,旅館・ホテル,定山渓グランドホテル,北海道札幌市南区定山渓温泉東４丁目３２８番地,,011-598-2214,株式会社ハマノホテルズ,代表取締役,浜野浩二,札南保衛許可（旅）第6号,1982-12-28,
319,旅館・ホテル,ホテルアゲイン,北海道札幌市南区北ノ沢１８１９番地８２８,,011-572-1230,有限会社美沢商事,代表取締役,辻應米,札南保衛許可（旅）第4号,1982-12-16,
320,簡易宿所,Ｂ＆Ｂ　ＨＯＴＴＡ,北海道札幌市南区簾舞２条１丁目５－１７,,,堀田芳江,,,札保環許可（旅）第21号,2017-09-21,
321,旅館・ホテル,ホテルターナ,北海道札幌市南区簾舞２条５丁目７－７,,011-596-3306,株式会社坂本商事,代表取締役,越智敏博,札南保衛許可（旅）第1号,1982-05-19,
322,旅館・ホテル,金湯亭,北海道札幌市南区簾舞２条５丁目７－７,,011-252-9408,株式会社太陽バス,代表取締役,宋壮飛,札保環許可（旅）第19号,2017-08-31,
323,旅館・ホテル,ホテル水色の詩,北海道札幌市西区宮の沢２条５丁目１－５４,,011-663-4363,北海道観光事業興発株式会社,代表取締役,堀尾省三,札西保衛許可（旅）第3号,1980-04-24,
324,旅館・ホテル,ニューボルボ,北海道札幌市西区宮の沢２条５丁目１－５５,,011-662-1414,株式会社公商事,代表取締役,佐藤公夫,札西保衛許可（旅）第6号,1981-08-19,
325,旅館・ホテル,札幌ホテルヤマチ,北海道札幌市西区琴似１条３丁目３－６,,011-644-5555,ヤマチ産業株式会社,代表取締役,山地利明,札西保衛許可（旅）第3号,1983-01-21,
326,簡易宿所,琴似バックパッカーズ,北海道札幌市西区琴似１条５丁目４－１８,細川ビル２階,050-1302-7207,株式会社コリンズ,代表取締役,柳橋武仁,札保環許可（旅）第21号,2018-09-10,
327,旅館・ホテル,ホテル コトニ札幌,北海道札幌市西区琴似２条５丁目４番５号,,011-640-1720,有限会社幸栄システム,代表取締役,今藤良美,札保環許可（旅）第3号,2000-05-11,
328,旅館・ホテル,琴似グリーンホテル,北海道札幌市西区琴似３条１丁目１－２０,,011-615-3344,株式会社グリーンホテル,代表取締役,山室淳三,札保環許可（旅）第9号,1997-09-08,
329,旅館・ホテル,まるよし旅館,北海道札幌市西区二十四軒４条７丁目２－３,,011-641-9786,吉田茂樹,,,札保環許可（旅）第10号,2006-01-11,
330,旅館・ホテル,ホテルＣＫ札幌,北海道札幌市西区八軒９条西１１丁目１番２８号,,011-618-8911,株式会社ＣＫ札幌,代表取締役,與田真也,札保環許可（旅）第12号,2016-08-09,
331,旅館・ホテル,ホテルチャ・チャ・ラ,北海道札幌市西区八軒１０条西１２丁目２－６３,,011-622-9444,株式会社アイディプロジェクト,代表取締役,岩寺利夫,札西保衛許可（旅）第5号,1983-12-22,
332,旅館・ホテル,ホテルキング,北海道札幌市西区八軒１０条西１２丁目４－３０,,011-641-1737,株式会社キング,代表取締役,高松昭男,札西保衛許可（旅）第6号,1979-11-30,
333,旅館・ホテル,有限会社　志ら井旅館,北海道札幌市西区発寒６条４丁目２番16号,,011-661-7373,有限会社志ら井旅館,代表取締役,白井勝美,札保環許可（旅）第16号,2002-02-19,
334,旅館・ホテル,手稲ステーションホテル,北海道札幌市手稲区手稲本町１条４丁目１番５号,,011-681-7000,株式会社テイネステーションホテル,代表取締役,船木雅紀,札保環許可（旅）第8号,2000-06-30,
335,簡易宿所,社員研修センター,北海道札幌市手稲区曙１条３丁目445－6の内、477－３の内,,011-215-7801,北海道旅客鉄道株式会社,代表取締役,島田修,札保環許可（旅）第21号,2017-01-12,
336,旅館・ホテル,ホテル　ラティフ,北海道札幌市手稲区西宮の沢１条１丁目516-137，-138，-2の内,,011-663-9000,株式会社ラティフ,代表取締役,岩寺利夫,札保環許可（旅）第17号,2004-03-11,
337,旅館・ホテル,ホテルベルサイユ,北海道札幌市手稲区西宮の沢５条１丁目３４０－１０,,011-664-5501,株式会社里平産業,代表取締役,里平茂晴,札手保衛許可（旅）第1号,1979-02-14,
338,旅館・ホテル,ホテルウイング,北海道札幌市手稲区西宮の沢６条２丁目,,011-662-1968,株式会社みづほ商事,代表取締役,北岡智,札手保衛許可（旅）第4号,1979-05-12,
339,旅館・ホテル,ホテルARDEN(アーデン),北海道札幌市手稲区西宮の沢６条２丁目４９８－１４９,,011-662-0505,有限会社双葉,代表取締役,竹生功,札手保衛許可（旅）第1号,1980-01-21,
340,旅館・ホテル,ホテルベガス５,北海道札幌市手稲区西宮の沢６条２丁目４９８－８０,,011-664-4141,株式会社里平産業,代表取締役,里平茂晴,札手保衛許可（旅）第2号,1984-02-15,
341,旅館・ホテル,ホテルベガス３,北海道札幌市手稲区西宮の沢６条２丁目４９８－８２,,011-664-4141,株式会社里平産業,代表取締役,里平茂晴,札手保衛許可（旅）第1号,1982-07-27,
342,旅館・ホテル,ホテル　リーベ　モア,北海道札幌市手稲区富丘３条１丁目８－１８,,011-691-6620,成和地所株式会社,代表取締役,遠藤晃仁,札保環許可（旅）第11号,2007-09-28,
343,旅館・ホテル,ホテルリーベ　イヴ,北海道札幌市手稲区富丘３条１丁目８－２０,,011-682-0211,株式会社晃琳,代表取締役,遠藤晃,札手保衛許可（旅）第2号,1983-05-02,
344,旅館・ホテル,ホテルナナ,北海道札幌市手稲区富丘４条１丁目１－２０,,011-683-7311,株式会社マルマン,代表取締役,田村勇二,札手保衛許可（旅）第1号,1986-03-01,
