{İ’Ê‚µ”Ô†,{İ“àƒgƒCƒŒ’Ê‚µ”Ô†,{İ–¼,ƒtƒƒA,ƒgƒCƒŒ–¼,ˆÜ“x,Œo“x,À•WŒn,ƒgƒCƒŒ‚Ö‚Ì—U“±˜H‚Æ‚µ‚Ä“_šƒuƒƒbƒN‚ğ{İ‚µ‚Ä‚¢‚é,ƒgƒCƒŒ‚ÌˆÊ’u“™‚ğ‰¹º‚ÅˆÄ“à‚µ‚Ä‚¢‚é,ŒË‚ÌŒ`®,ÔˆÖq‚ªo“ü‚è‚Å‚«‚éio“üŒû‚Ì—LŒø•ˆõ80cmˆÈãj,ÔˆÖq‚ª“]‰ñ‚Å‚«‚éi’¼Œa150cmˆÈã‚Ì‰~‚ª“àÚ‚Å‚«‚éj,•ÖÀ‚É”w‚à‚½‚ê‚ª‚ ‚é,•ÖÀ‚Ì—¼‘¤‚ÉA…•½A‚’¼‚Éè‚·‚è‚ª‚ ‚é,ƒIƒXƒgƒƒCƒg‚ğ”õ‚¦‚Ä‚¢‚é,‘åŒ^ƒxƒbƒh‚ğ”õ‚¦‚Ä‚¢‚é,“û—c™—p‚¨‚Ş‚ÂŒğŠ·‘ä“™‚ğ”õ‚¦‚Ä‚¢‚é,“û—c™—pˆÖq‚ğ”õ‚¦‚Ä‚¢‚é,ƒgƒCƒŒ“üŒûÊ^,ƒgƒCƒŒ“à•”Ê^,ƒgƒCƒŒ“à•”Ê^i•ÊŠp“xj,”õl
102,1,“Œ‹“s]ŒË“Œ‹”•¨ŠÙ,‚PŠK,‹~Œìº‘¤,35.696648,139.795778,JGD2011,~,~,©“®ˆø‚«ŒËi‰Ÿ‚µƒ{ƒ^ƒ“j,›,›,~,›,›,~,›,~,http://opendata-portal.metro.tokyo.jp/test-upload/cultural-facilities/W102-1-1.JPG,http://opendata-portal.metro.tokyo.jp/test-upload/cultural-facilities/W102-1-2.JPG,http://opendata-portal.metro.tokyo.jp/test-upload/cultural-facilities/W102-1-3.JPG,
102,2,“Œ‹“s]ŒË“Œ‹”•¨ŠÙ,‚PŠK,ƒGƒŒƒx[ƒ^‘¤,35.696471,139.795726,JGD2011,~,~,©“®ˆø‚«ŒËi‰Ÿ‚µƒ{ƒ^ƒ“j,›,›,~,›,›,~,›,~,http://opendata-portal.metro.tokyo.jp/test-upload/cultural-facilities/W102-2-1.JPG,http://opendata-portal.metro.tokyo.jp/test-upload/cultural-facilities/W102-2-2.JPG,http://opendata-portal.metro.tokyo.jp/test-upload/cultural-facilities/W102-2-3.JPG,
102,3,“Œ‹“s]ŒË“Œ‹”•¨ŠÙ,‚PŠK,ŠO— ‘¤,35.696905,139.795841,JGD2011,~,~,©“®ˆø‚«ŒËi‰Ÿ‚µƒ{ƒ^ƒ“j,›,›,~,›,›,~,~,~,http://opendata-portal.metro.tokyo.jp/test-upload/cultural-facilities/W102-3-1.JPG,http://opendata-portal.metro.tokyo.jp/test-upload/cultural-facilities/W102-3-2.JPG,http://opendata-portal.metro.tokyo.jp/test-upload/cultural-facilities/W102-3-3.JPG,
102,4,“Œ‹“s]ŒË“Œ‹”•¨ŠÙ,‚RŠK,ƒ`ƒPƒbƒg”„ê‰¡,35.696772,139.79566,JGD2011,~,~,©“®ˆø‚«ŒËi‰Ÿ‚µƒ{ƒ^ƒ“j,›,›,~,›,›,~,›,~,http://opendata-portal.metro.tokyo.jp/test-upload/cultural-facilities/W102-4-1.JPG,http://opendata-portal.metro.tokyo.jp/test-upload/cultural-facilities/W102-4-2.JPG,http://opendata-portal.metro.tokyo.jp/test-upload/cultural-facilities/W102-4-3.JPG,
102,5,“Œ‹“s]ŒË“Œ‹”•¨ŠÙ,‚TŠK,ˆÄ“àŠ— ‘¤,35.696269,139.795845,JGD2011,~,~,©“®ˆø‚«ŒËi‰Ÿ‚µƒ{ƒ^ƒ“j,›,›,~,›,›,~,›,~,http://opendata-portal.metro.tokyo.jp/test-upload/cultural-facilities/W102-5-1.JPG,http://opendata-portal.metro.tokyo.jp/test-upload/cultural-facilities/W102-5-2.JPG,http://opendata-portal.metro.tokyo.jp/test-upload/cultural-facilities/W102-5-3.JPG,
102,6,“Œ‹“s]ŒË“Œ‹”•¨ŠÙ,‚TŠK,¼‘¤ƒGƒXƒJƒŒ[ƒ^‰¡,35.696747,139.795626,JGD2011,~,~,©“®ˆø‚«ŒËi‰Ÿ‚µƒ{ƒ^ƒ“j,›,›,~,›,›,~,›,~,http://opendata-portal.metro.tokyo.jp/test-upload/cultural-facilities/W102-6-1.JPG,http://opendata-portal.metro.tokyo.jp/test-upload/cultural-facilities/W102-6-2.JPG,http://opendata-portal.metro.tokyo.jp/test-upload/cultural-facilities/W102-6-3.JPG,
102,7,“Œ‹“s]ŒË“Œ‹”•¨ŠÙ,‚TŠK,“Œ‘¤…ˆù‚İˆ‰¡,35.696234,139.796509,JGD2011,~,~,©“®ˆø‚«ŒËi‰Ÿ‚µƒ{ƒ^ƒ“j,›,›,~,›,›,~,›,~,http://opendata-portal.metro.tokyo.jp/test-upload/cultural-facilities/W102-7-1.JPG,http://opendata-portal.metro.tokyo.jp/test-upload/cultural-facilities/W102-7-2.JPG,http://opendata-portal.metro.tokyo.jp/test-upload/cultural-facilities/W102-7-3.JPG,
102,8,“Œ‹“s]ŒË“Œ‹”•¨ŠÙ,‚UŠK,¼‘¤ƒGƒXƒJƒŒ[ƒ^‰¡,35.696762,139.795673,JGD2011,~,~,©“®ˆø‚«ŒËi‰Ÿ‚µƒ{ƒ^ƒ“j,›,›,~,›,›,~,›,~,http://opendata-portal.metro.tokyo.jp/test-upload/cultural-facilities/W102-8-1.JPG,http://opendata-portal.metro.tokyo.jp/test-upload/cultural-facilities/W102-8-2.JPG,http://opendata-portal.metro.tokyo.jp/test-upload/cultural-facilities/W102-8-3.JPG,
102,9,“Œ‹“s]ŒË“Œ‹”•¨ŠÙ,‚VŠK,˜aHˆ‘O,35.696391,139.795649,JGD2011,~,~,©“®ˆø‚«ŒËi‰Ÿ‚µƒ{ƒ^ƒ“j,›,›,›,›,›,~,›,~,http://opendata-portal.metro.tokyo.jp/test-upload/cultural-facilities/W102-9-1.JPG,http://opendata-portal.metro.tokyo.jp/test-upload/cultural-facilities/W102-9-2.JPG,http://opendata-portal.metro.tokyo.jp/test-upload/cultural-facilities/W102-9-3.JPG,
103,1,]ŒË“Œ‹‚½‚Ä‚à‚Ì‰€,1ŠK,ƒfEƒ‰ƒ‰ƒ“ƒf“@“à,35.716445,139.511221,JGD2011,›,~,è“®ˆø‚«ŒË,›,›,›,›,›,›,~,›,http://opendata-portal.metro.tokyo.jp/test-upload/cultural-facilities/W103-1-1.JPG,http://opendata-portal.metro.tokyo.jp/test-upload/cultural-facilities/W103-1-2.JPG,http://opendata-portal.metro.tokyo.jp/test-upload/cultural-facilities/W103-1-3.JPG,
103,2,]ŒË“Œ‹‚½‚Ä‚à‚Ì‰€,’nã,j“‡‰Æ‰¡@’j,35.715976,139.510934,JGD2011,~,~,è“®ˆø‚«ŒË,›,›,~,›,~,~,~,~,http://opendata-portal.metro.tokyo.jp/test-upload/cultural-facilities/W103-2-1.JPG,http://opendata-portal.metro.tokyo.jp/test-upload/cultural-facilities/W103-2-2.JPG,http://opendata-portal.metro.tokyo.jp/test-upload/cultural-facilities/W103-2-3.JPG,
103,3,]ŒË“Œ‹‚½‚Ä‚à‚Ì‰€,’nã,j“‡‰Æ‰¡@—,35.715976,139.510934,JGD2011,~,~,è“®ˆø‚«ŒË,›,›,~,›,~,~,~,›,http://opendata-portal.metro.tokyo.jp/test-upload/cultural-facilities/W103-3-1.JPG,http://opendata-portal.metro.tokyo.jp/test-upload/cultural-facilities/W103-3-2.JPG,http://opendata-portal.metro.tokyo.jp/test-upload/cultural-facilities/W103-3-3.JPG,
103,4,]ŒË“Œ‹‚½‚Ä‚à‚Ì‰€,’nã,ƒGƒ“ƒgƒ‰ƒ“ƒXLê@’j,35.715844,139.512163,JGD2011,~,~,è“®ˆø‚«ŒË,›,›,~,›,~,~,~,~,http://opendata-portal.metro.tokyo.jp/test-upload/cultural-facilities/W103-4-1.JPG,http://opendata-portal.metro.tokyo.jp/test-upload/cultural-facilities/W103-4-2.JPG,http://opendata-portal.metro.tokyo.jp/test-upload/cultural-facilities/W103-4-3.JPG,
103,5,]ŒË“Œ‹‚½‚Ä‚à‚Ì‰€,’nã,ƒGƒ“ƒgƒ‰ƒ“ƒXLê@—,35.715844,139.512163,JGD2011,~,~,è“®ˆø‚«ŒË,›,›,~,›,~,~,~,›,http://opendata-portal.metro.tokyo.jp/test-upload/cultural-facilities/W103-5-1.JPG,http://opendata-portal.metro.tokyo.jp/test-upload/cultural-facilities/W103-5-2.JPG,http://opendata-portal.metro.tokyo.jp/test-upload/cultural-facilities/W103-5-3.JPG,
103,6,]ŒË“Œ‹‚½‚Ä‚à‚Ì‰€,1ŠK,ƒrƒWƒ^[ƒZƒ“ƒ^[“à@’j,35.715713,139.512621,JGD2011,~,~,©“®ˆø‚«ŒËi‰Ÿ‚µƒ{ƒ^ƒ“j,›,›,~,›,›,›,~,~,http://opendata-portal.metro.tokyo.jp/test-upload/cultural-facilities/W103-6-1.JPG,http://opendata-portal.metro.tokyo.jp/test-upload/cultural-facilities/W103-6-2.JPG,http://opendata-portal.metro.tokyo.jp/test-upload/cultural-facilities/W103-6-2.JPG,
103,7,]ŒË“Œ‹‚½‚Ä‚à‚Ì‰€,1ŠK,ƒrƒWƒ^[ƒZƒ“ƒ^[“à@—,35.715713,139.512621,JGD2011,~,~,©“®ˆø‚«ŒËi‰Ÿ‚µƒ{ƒ^ƒ“j,›,›,~,›,~,~,›,~,http://opendata-portal.metro.tokyo.jp/test-upload/cultural-facilities/W103-7-1.JPG,http://opendata-portal.metro.tokyo.jp/test-upload/cultural-facilities/W103-7-2.JPG,http://opendata-portal.metro.tokyo.jp/test-upload/cultural-facilities/W103-7-3.JPG,
103,8,]ŒË“Œ‹‚½‚Ä‚à‚Ì‰€,’nã,–œ¢‹´Œğ”Ô‘O@’j,35.715939,139.514251,JGD2011,~,~,è“®ˆø‚«ŒË,›,›,~,›,~,~,~,~,http://opendata-portal.metro.tokyo.jp/test-upload/cultural-facilities/W103-8-1.JPG,http://opendata-portal.metro.tokyo.jp/test-upload/cultural-facilities/W103-8-2.JPG,http://opendata-portal.metro.tokyo.jp/test-upload/cultural-facilities/W103-8-3.JPG,
103,9,]ŒË“Œ‹‚½‚Ä‚à‚Ì‰€,’nã,–œ¢‹´Œğ”Ô‘O@—,35.715939,139.514251,JGD2011,~,~,è“®ˆø‚«ŒË,›,›,~,›,~,~,~,›,http://opendata-portal.metro.tokyo.jp/test-upload/cultural-facilities/W103-9-1.JPG,http://opendata-portal.metro.tokyo.jp/test-upload/cultural-facilities/W103-9-2.JPG,http://opendata-portal.metro.tokyo.jp/test-upload/cultural-facilities/W103-9-3.JPG,
103,10,]ŒË“Œ‹‚½‚Ä‚à‚Ì‰€,1ŠK,“X‘ Œ^‹xŒe““à,35.716251,139.51524,JGD2011,~,~,©“®ˆø‚«ŒËi‰Ÿ‚µƒ{ƒ^ƒ“j,›,~,~,›,~,~,›,›,http://opendata-portal.metro.tokyo.jp/test-upload/cultural-facilities/W103-10-1.JPG,http://opendata-portal.metro.tokyo.jp/test-upload/cultural-facilities/W103-10-2.JPG,http://opendata-portal.metro.tokyo.jp/test-upload/cultural-facilities/W103-10-3.JPG,
104,1,“Œ‹“sÊ^”üpŠÙ,B1ŠK,’n‰º‚PŠKƒtƒƒA,35.641519,139.713337,JGD2011,›,~,©“®ˆø‚«ŒËi‰Ÿ‚µƒ{ƒ^ƒ“j,›,~,~,›,~,~,›,~,http://opendata-portal.metro.tokyo.jp/test-upload/cultural-facilities/W104-1-1.JPG,http://opendata-portal.metro.tokyo.jp/test-upload/cultural-facilities/W104-1-2.JPG,http://opendata-portal.metro.tokyo.jp/test-upload/cultural-facilities/W104-1-3.JPG,
104,2,“Œ‹“sÊ^”üpŠÙ,1ŠK,‚PŠKƒtƒƒA,35.641819,139.713182,JGD2011,›,~,©“®ˆø‚«ŒËiƒZƒ“ƒT[j,›,›,›,›,›,~,›,~,http://opendata-portal.metro.tokyo.jp/test-upload/cultural-facilities/W104-2-1.JPG,http://opendata-portal.metro.tokyo.jp/test-upload/cultural-facilities/W104-2-2.JPG,http://opendata-portal.metro.tokyo.jp/test-upload/cultural-facilities/W104-2-3.JPG,
104,3,“Œ‹“sÊ^”üpŠÙ,2ŠK,‚QŠKƒtƒƒA,35.641503,139.713391,JGD2011,›,~,©“®ˆø‚«ŒËiƒZƒ“ƒT[j,›,›,~,›,~,~,›,~,http://opendata-portal.metro.tokyo.jp/test-upload/cultural-facilities/W104-3-1.JPG,http://opendata-portal.metro.tokyo.jp/test-upload/cultural-facilities/W104-3-2.JPG,http://opendata-portal.metro.tokyo.jp/test-upload/cultural-facilities/W104-3-3.JPG,
104,4,“Œ‹“sÊ^”üpŠÙ,3ŠK,‚RŠKƒtƒƒA,35.641503,139.713391,JGD2011,›,~,©“®ˆø‚«ŒËi‰Ÿ‚µƒ{ƒ^ƒ“j,›,›,~,›,~,~,›,~,http://opendata-portal.metro.tokyo.jp/test-upload/cultural-facilities/W104-4-1.JPG,http://opendata-portal.metro.tokyo.jp/test-upload/cultural-facilities/W104-4-2.JPG,http://opendata-portal.metro.tokyo.jp/test-upload/cultural-facilities/W104-4-3.JPG,
104,5,“Œ‹“sÊ^”üpŠÙ,4ŠK,‚SŠKƒtƒƒA,35.641583,139.713315,JGD2011,›,~,©“®ˆø‚«ŒËi‰Ÿ‚µƒ{ƒ^ƒ“j,›,›,~,›,~,~,›,~,http://opendata-portal.metro.tokyo.jp/test-upload/cultural-facilities/W104-5-1.JPG,http://opendata-portal.metro.tokyo.jp/test-upload/cultural-facilities/W104-5-2.JPG,http://opendata-portal.metro.tokyo.jp/test-upload/cultural-facilities/W104-5-3.JPG,
106,1,“Œ‹“s”üpŠÙ,B3ŠK,B3ƒMƒƒƒ‰ƒŠ[‰¡’j,35.716923,139.773307,JGD2011,~,~,è“®ˆø‚«ŒË,›,›,›,›,~,~,~,~,http://opendata-portal.metro.tokyo.jp/test-upload/cultural-facilities/W106-1-1.JPG,http://opendata-portal.metro.tokyo.jp/test-upload/cultural-facilities/W106-1-2.JPG,http://opendata-portal.metro.tokyo.jp/test-upload/cultural-facilities/W106-1-3.JPG,
106,2,“Œ‹“s”üpŠÙ,B3ŠK,‚a3ƒMƒƒƒ‰ƒŠ[‰¡—,35.716923,139.773307,JGD2011,~,~,è“®ˆø‚«ŒË,›,›,›,›,~,~,~,~,http://opendata-portal.metro.tokyo.jp/test-upload/cultural-facilities/W106-2-1.JPG,http://opendata-portal.metro.tokyo.jp/test-upload/cultural-facilities/W106-2-2.JPG,http://opendata-portal.metro.tokyo.jp/test-upload/cultural-facilities/W106-2-3.JPG,
106,3,“Œ‹“s”üpŠÙ,LBŠK,u“°ƒƒr[B1’j,35.717303,139.773744,JGD2011,~,~,è“®ˆø‚«ŒË,›,›,›,›,~,~,~,›,http://opendata-portal.metro.tokyo.jp/test-upload/cultural-facilities/W106-3-1.JPG,http://opendata-portal.metro.tokyo.jp/test-upload/cultural-facilities/W106-3-2.JPG,http://opendata-portal.metro.tokyo.jp/test-upload/cultural-facilities/W106-3-3.JPG,
106,4,“Œ‹“s”üpŠÙ,LBŠK,u“°ƒƒr[B1—,35.717303,139.773744,JGD2011,~,~,è“®ˆø‚«ŒË,›,›,›,›,~,~,~,›,http://opendata-portal.metro.tokyo.jp/test-upload/cultural-facilities/W106-4-1.JPG,http://opendata-portal.metro.tokyo.jp/test-upload/cultural-facilities/W106-4-2.JPG,http://opendata-portal.metro.tokyo.jp/test-upload/cultural-facilities/W106-4-3.JPG,
106,5,“Œ‹“s”üpŠÙ,LBŠK,ö“ûº“à,35.71749,139.773322,JGD2011,~,~,è“®ˆø‚«ŒË,›,›,›,›,~,~,~¦,›,http://opendata-portal.metro.tokyo.jp/test-upload/cultural-facilities/W106-5-1.JPG,http://opendata-portal.metro.tokyo.jp/test-upload/cultural-facilities/W106-5-2.JPG,http://opendata-portal.metro.tokyo.jp/test-upload/cultural-facilities/W106-5-3.JPG,¦ƒgƒCƒŒŒÂº“à‚É‚Í–³‚¢‚ªA“¯‚¶ö“ûº“à‚É—L‚è
106,6,“Œ‹“s”üpŠÙ,LBŠK,‚k‚aŠK‘æ‚PŒö•åº‚a‰¡,35.717342,139.773061,JGD2011,~,~,è“®ˆø‚«ŒË,›,›,›,›,›,›,~,›,http://opendata-portal.metro.tokyo.jp/test-upload/cultural-facilities/W106-6-1.JPG,http://opendata-portal.metro.tokyo.jp/test-upload/cultural-facilities/W106-6-2.JPG,http://opendata-portal.metro.tokyo.jp/test-upload/cultural-facilities/W106-6-3.JPG,
106,7,“Œ‹“s”üpŠÙ,LBŠK,‚k‚aŠK‘æ‚QŒö•åº‚a‰¡,35.71715,139.773003,JGD2011,~,~,è“®ˆø‚«ŒË,›,›,›,›,›,›,~,›,http://opendata-portal.metro.tokyo.jp/test-upload/cultural-facilities/W106-7-1.JPG,http://opendata-portal.metro.tokyo.jp/test-upload/cultural-facilities/W106-7-2.JPG,http://opendata-portal.metro.tokyo.jp/test-upload/cultural-facilities/W106-7-3.JPG,
106,8,“Œ‹“s”üpŠÙ,LBŠK,‚k‚aŠKŠé‰æ“W¦º‰¡,35.717021,139.773434,JGD2011,~,~,è“®ˆø‚«ŒË,›,›,›,›,›,›,~,›,http://opendata-portal.metro.tokyo.jp/test-upload/cultural-facilities/W106-8-1.JPG,http://opendata-portal.metro.tokyo.jp/test-upload/cultural-facilities/W106-8-2.JPG,http://opendata-portal.metro.tokyo.jp/test-upload/cultural-facilities/W106-8-3.JPG,
106,9,“Œ‹“s”üpŠÙ,1ŠK,ƒJƒtƒF‰¡,35.717517,139.773092,JGD2011,~,~,è“®ˆø‚«ŒË,›,›,›,›,~,~,~,~,http://opendata-portal.metro.tokyo.jp/test-upload/cultural-facilities/W106-9-1.JPG,http://opendata-portal.metro.tokyo.jp/test-upload/cultural-facilities/W106-9-2.JPG,http://opendata-portal.metro.tokyo.jp/test-upload/cultural-facilities/W106-9-3.JPG,
106,10,“Œ‹“s”üpŠÙ,1ŠK,‚PŠK‘æ‚PŒö•å“W¦º‚a‰¡,35.717334,139.773033,JGD2011,~,~,è“®ˆø‚«ŒË,›,›,›,›,›,~,~,~,http://opendata-portal.metro.tokyo.jp/test-upload/cultural-facilities/W106-10-1.JPG,http://opendata-portal.metro.tokyo.jp/test-upload/cultural-facilities/W106-10-2.JPG,http://opendata-portal.metro.tokyo.jp/test-upload/cultural-facilities/W106-10-3.JPG,
106,11,“Œ‹“s”üpŠÙ,1ŠK,‚PŠK‘æ‚RŒö•å“W¦º‚a‰¡,35.716954,139.772929,JGD2011,~,~,è“®ˆø‚«ŒË,›,›,›,›,›,~,~,~,http://opendata-portal.metro.tokyo.jp/test-upload/cultural-facilities/W106-11-1.JPG,http://opendata-portal.metro.tokyo.jp/test-upload/cultural-facilities/W106-11-2.JPG,http://opendata-portal.metro.tokyo.jp/test-upload/cultural-facilities/W106-11-3.JPG,
106,12,“Œ‹“s”üpŠÙ,1ŠK,‚PŠKŠé‰æ“W¦º‰¡’j,35.717021,139.773434,JGD2011,~,~,è“®ˆø‚«ŒË,›,›,›,›,~,~,~,~,http://opendata-portal.metro.tokyo.jp/test-upload/cultural-facilities/W106-12-1.JPG,http://opendata-portal.metro.tokyo.jp/test-upload/cultural-facilities/W106-12-2.JPG,http://opendata-portal.metro.tokyo.jp/test-upload/cultural-facilities/W106-12-3.JPG,
106,13,“Œ‹“s”üpŠÙ,1ŠK,‚PŠKŠé‰æ“W¦º‰¡—,35.717021,139.773434,JGD2011,~,~,è“®ˆø‚«ŒË,›,›,›,›,~,~,~,~,http://opendata-portal.metro.tokyo.jp/test-upload/cultural-facilities/W106-13-1.JPG,http://opendata-portal.metro.tokyo.jp/test-upload/cultural-facilities/W106-13-2.JPG,http://opendata-portal.metro.tokyo.jp/test-upload/cultural-facilities/W106-13-3.JPG,
106,14,“Œ‹“s”üpŠÙ,2ŠK,‚QŠKƒŒƒXƒgƒ‰ƒ“‰¡,35.717504,139.773365,JGD2011,~,~,è“®ˆø‚«ŒË,›,›,›,›,›,~,~,~,http://opendata-portal.metro.tokyo.jp/test-upload/cultural-facilities/W106-14-1.JPG,http://opendata-portal.metro.tokyo.jp/test-upload/cultural-facilities/W106-14-2.JPG,http://opendata-portal.metro.tokyo.jp/test-upload/cultural-facilities/W106-14-3.JPG,
106,15,“Œ‹“s”üpŠÙ,2ŠK,‚QŠK‘æ‚PŒö•å“W¦º‚a‰¡,35.717334,139.773033,JGD2011,~,~,è“®ˆø‚«ŒË,›,›,›,›,›,~,~,~,http://opendata-portal.metro.tokyo.jp/test-upload/cultural-facilities/W106-15-1.JPG,http://opendata-portal.metro.tokyo.jp/test-upload/cultural-facilities/W106-15-2.JPG,http://opendata-portal.metro.tokyo.jp/test-upload/cultural-facilities/W106-15-3.JPG,
106,16,“Œ‹“s”üpŠÙ,2ŠK,‚QŠK‘æ‚RŒö•å“W¦º‚a‰¡,35.716954,139.772929,JGD2011,~,~,è“®ˆø‚«ŒË,›,›,›,›,›,~,~,~,http://opendata-portal.metro.tokyo.jp/test-upload/cultural-facilities/W106-16-1.JPG,http://opendata-portal.metro.tokyo.jp/test-upload/cultural-facilities/W106-16-2.JPG,http://opendata-portal.metro.tokyo.jp/test-upload/cultural-facilities/W106-16-3.JPG,
106,17,“Œ‹“s”üpŠÙ,2ŠK,‚QŠKŠé‰æ“W¦º‰¡’j,35.717021,139.773434,JGD2011,~,~,è“®ˆø‚«ŒË,›,›,›,›,~,~,~,~,http://opendata-portal.metro.tokyo.jp/test-upload/cultural-facilities/W106-17-1.JPG,http://opendata-portal.metro.tokyo.jp/test-upload/cultural-facilities/W106-17-2.JPG,http://opendata-portal.metro.tokyo.jp/test-upload/cultural-facilities/W106-17-3.JPG,
106,18,“Œ‹“s”üpŠÙ,2ŠK,‚QŠKŠé‰æ“W¦º‰¡—,35.717021,139.773434,JGD2011,~,~,è“®ˆø‚«ŒË,›,›,›,›,~,~,~,~,http://opendata-portal.metro.tokyo.jp/test-upload/cultural-facilities/W106-18-1.JPG,http://opendata-portal.metro.tokyo.jp/test-upload/cultural-facilities/W106-18-2.JPG,http://opendata-portal.metro.tokyo.jp/test-upload/cultural-facilities/W106-18-3.JPG,
107,1,“Œ‹•¶‰»‰ïŠÙ,1ŠK,ƒGƒ“ƒgƒ‰ƒ“ƒXƒƒr[‰¡¶,35.714277,139.775468,JGD2011,~,›,©“®ˆø‚«ŒËi‰Ÿ‚µƒ{ƒ^ƒ“j,›,›,›,›,~,~,›,~,http://opendata-portal.metro.tokyo.jp/test-upload/cultural-facilities/W107-1-1.JPG,http://opendata-portal.metro.tokyo.jp/test-upload/cultural-facilities/W107-1-2.JPG,http://opendata-portal.metro.tokyo.jp/test-upload/cultural-facilities/W107-1-3.JPG,
107,2,“Œ‹•¶‰»‰ïŠÙ,1ŠK,ƒGƒ“ƒgƒ‰ƒ“ƒXƒƒr[‰¡‰E,35.714277,139.775468,JGD2011,~,›,©“®ˆø‚«ŒËi‰Ÿ‚µƒ{ƒ^ƒ“j,›,›,›,›,›,›,~,›,http://opendata-portal.metro.tokyo.jp/test-upload/cultural-facilities/W107-2-1.JPG,http://opendata-portal.metro.tokyo.jp/test-upload/cultural-facilities/W107-2-2.JPG,http://opendata-portal.metro.tokyo.jp/test-upload/cultural-facilities/W107-2-3.JPG,
108,1,“Œ‹Œ|pŒ€ê,B2,’n‰º‚QŠK,35.729873,139.708171,JGD2011,~,~,©“®ˆø‚«ŒËi‰Ÿ‚µƒ{ƒ^ƒ“j,›,›,~,›,~,~,›,~,http://opendata-portal.metro.tokyo.jp/test-upload/cultural-facilities/W108-1-1.JPG,http://opendata-portal.metro.tokyo.jp/test-upload/cultural-facilities/W108-1-2.JPG,http://opendata-portal.metro.tokyo.jp/test-upload/cultural-facilities/W108-1-3.JPG,
108,2,“Œ‹Œ|pŒ€ê,B1,¬ƒz[ƒ‹‚Q‰¡,35.730097,139.708296,JGD2011,~,›,©“®ˆø‚«ŒËi‰Ÿ‚µƒ{ƒ^ƒ“j,›,›,~,›,~,~,›,~,http://opendata-portal.metro.tokyo.jp/test-upload/cultural-facilities/W108-2-1.JPG,http://opendata-portal.metro.tokyo.jp/test-upload/cultural-facilities/W108-2-2.JPG,http://opendata-portal.metro.tokyo.jp/test-upload/cultural-facilities/W108-2-3.JPG,
108,3,“Œ‹Œ|pŒ€ê,B1,ƒƒ[Lê‘O,35.729974,139.707842,JGD2011,~,~,©“®ˆø‚«ŒËi‰Ÿ‚µƒ{ƒ^ƒ“j,›,›,~,›,~,~,›,~,http://opendata-portal.metro.tokyo.jp/test-upload/cultural-facilities/W108-3-1.JPG,http://opendata-portal.metro.tokyo.jp/test-upload/cultural-facilities/W108-3-2.JPG,http://opendata-portal.metro.tokyo.jp/test-upload/cultural-facilities/W108-3-3.JPG,
108,4,“Œ‹Œ|pŒ€ê,B1,¬ƒz[ƒ‹‚P‰¡,35.729576,139.708213,JGD2011,~,~,©“®ˆø‚«ŒËi‰Ÿ‚µƒ{ƒ^ƒ“j,›,›,~,›,~,~,›,~,http://opendata-portal.metro.tokyo.jp/test-upload/cultural-facilities/W108-4-1.JPG,http://opendata-portal.metro.tokyo.jp/test-upload/cultural-facilities/W108-4-2.JPG,http://opendata-portal.metro.tokyo.jp/test-upload/cultural-facilities/W108-4-3.JPG,
108,5,“Œ‹Œ|pŒ€ê,2,ƒAƒbƒp[Lê,35.730012,139.707884,JGD2011,~,›,©“®ˆø‚«ŒËi‰Ÿ‚µƒ{ƒ^ƒ“j,›,›,~,›,~,~,›,~,http://opendata-portal.metro.tokyo.jp/test-upload/cultural-facilities/W108-5-1.JPG,http://opendata-portal.metro.tokyo.jp/test-upload/cultural-facilities/W108-5-2.JPG,http://opendata-portal.metro.tokyo.jp/test-upload/cultural-facilities/W108-5-3.JPG,
108,6,“Œ‹Œ|pŒ€ê,2,ƒz[ƒ‹‰¡,35.729601,139.707764,JGD2011,~,~,©“®ˆø‚«ŒËi‰Ÿ‚µƒ{ƒ^ƒ“j,›,›,~,›,~,~,›,~,http://opendata-portal.metro.tokyo.jp/test-upload/cultural-facilities/W108-6-1.JPG,http://opendata-portal.metro.tokyo.jp/test-upload/cultural-facilities/W108-6-2.JPG,http://opendata-portal.metro.tokyo.jp/test-upload/cultural-facilities/W108-6-3.JPG,
108,7,“Œ‹Œ|pŒ€ê,5,Lê,35.729982,139.70784,JGD2011,~,~,©“®ˆø‚«ŒËi‰Ÿ‚µƒ{ƒ^ƒ“j,›,›,~,›,~,~,›,›,http://opendata-portal.metro.tokyo.jp/test-upload/cultural-facilities/W108-7-1.JPG,http://opendata-portal.metro.tokyo.jp/test-upload/cultural-facilities/W108-7-2.JPG,http://opendata-portal.metro.tokyo.jp/test-upload/cultural-facilities/W108-7-3.JPG,
108,8,“Œ‹Œ|pŒ€ê,5,ƒMƒƒƒ‰ƒŠ[‚P‰¡,35.72951,139.708104,JGD2011,~,›,©“®ˆø‚«ŒËi‰Ÿ‚µƒ{ƒ^ƒ“j,›,~,~,›,~,~,~,›,http://opendata-portal.metro.tokyo.jp/test-upload/cultural-facilities/W108-8-1.JPG,http://opendata-portal.metro.tokyo.jp/test-upload/cultural-facilities/W108-8-2.JPG,http://opendata-portal.metro.tokyo.jp/test-upload/cultural-facilities/W108-8-3.JPG,
108,9,“Œ‹Œ|pŒ€ê,7,‘åƒz[ƒ‹¶,35.72946,139.708104,JGD2011,~,~,©“®ˆø‚«ŒËi‰Ÿ‚µƒ{ƒ^ƒ“j,›,~,~,›,~,~,~,›,http://opendata-portal.metro.tokyo.jp/test-upload/cultural-facilities/W108-9-1.JPG,http://opendata-portal.metro.tokyo.jp/test-upload/cultural-facilities/W108-9-2.JPG,http://opendata-portal.metro.tokyo.jp/test-upload/cultural-facilities/W108-9-3.JPG,
108,10,“Œ‹Œ|pŒ€ê,7,‘åƒz[ƒ‹‰E,35.729604,139.707722,JGD2011,~,~,©“®ˆø‚«ŒËi‰Ÿ‚µƒ{ƒ^ƒ“j,›,›,~,›,›,~,~,~,http://opendata-portal.metro.tokyo.jp/test-upload/cultural-facilities/W108-10-1.JPG,http://opendata-portal.metro.tokyo.jp/test-upload/cultural-facilities/W108-10-2.JPG,http://opendata-portal.metro.tokyo.jp/test-upload/cultural-facilities/W108-10-3.JPG,
